management,S_address,L_address,purpose,camera_num,camera_pixel,shoot_info,storage_days,installed_date,phone,latitude,longitude,data_date,station
서울특별시 강남구청,"서울특별시 강남구 선릉로 7 (개포동,주공아파트)",서울특별시 강남구 개포동 141-1 (구룡마을입구 교차로 지하보도),생활방범,4,200,360전방면,30,2020-06,02-3423-6772,37.479209999999995,127.06483,2020-02-27,서울수서경찰서
서울특별시 강남구청,"서울특별시 강남구 언주로 110 (개포동,경남아파트)",서울특별시 강남구 개포동 649 (경남1차A 2동 옆 정문),생활방범,4,200,360전방면,30,2020-06,02-3423-6772,37.48338,127.05275,2020-02-27,서울수서경찰서
서울특별시 강남구청,서울특별시 강남구 선릉로 103 (개포동),서울특별시 강남구 개포동 650 (구룡중 담장),생활방범,4,200,360전방면,30,2020-06,02-3423-6772,37.48542,127.05613999999998,2020-02-27,서울수서경찰서
서울특별시 강남구청,"서울특별시 강남구 개포로 310 (개포동,개포주공1차아파트)",서울특별시 강남구 개포동 660-1 (개포주공1단지 13동 옆),생활방범,3,200,360전방면,30,2020-12,02-3423-6772,37.48227,127.05928999999999,2020-02-27,서울수서경찰서
서울특별시 강남구청,"서울특별시 강남구 개포로 310 (개포동,개포주공1차아파트)",서울특별시 강남구 개포동 660-12 (개포주공1단지 55동 옆),생활방범,4,200,360전방면,30,2020-06,02-3423-6772,37.477759999999996,127.05781999999999,2020-02-27,서울수서경찰서
서울특별시 강남구청,"서울특별시 강남구 개포로 310 (개포동,개포주공1차아파트)",서울특별시 강남구 개포동 660-12 (개포중 후문),생활방범,1,200,360전방면,30,2020-09,02-3423-6772,37.4806,127.06097,2020-02-27,서울수서경찰서
서울특별시 강남구청,"서울특별시 강남구 개포로 310 (개포동,개포주공1차아파트)",서울특별시 강남구 개포동 660-2 (개포주공1단지 91동 옆),생활방범,1,200,360전방면,30,2020-09,02-3423-6772,37.48216,127.05545,2020-02-27,서울수서경찰서
서울특별시 강남구청,"서울특별시 강남구 선릉로 7 (개포동,주공아파트)",서울특별시 강남구 개포동 141 (개포주공1단지 104동 뒤쪽 샛길),생활방범,4,200,360전방면,30,2020-12,02-3423-6772,37.47665,127.05836000000001,2020-02-27,서울수서경찰서
서울특별시 강남구청,"서울특별시 강남구 개포로 310 (개포동,개포주공1차아파트)",서울특별시 강남구 개포동 660-1 (개포주공1단지 입구),생활방범,4,200,360전방면,30,2020-11,02-3423-6772,37.48344,127.05718,2020-02-27,서울수서경찰서
서울특별시 강남구청,"서울특별시 강남구 개포로 310 (개포동,개포주공1차아파트)",서울특별시 강남구 개포동 660-12 (주공1단지입구 18동옆),생활방범,4,200,360전방면,30,2020-01,02-3423-6772,37.48218,127.06088000000001,2020-02-27,서울수서경찰서
서울특별시 강남구청,"서울특별시 강남구 개포로 303 (개포동,현대1차아파트)",서울특별시 강남구 개포동 653 (구룡초교 사거리),생활방범,3,200,360전방면,30,2020-01,02-3423-6772,37.48131,127.05391999999999,2020-02-27,서울수서경찰서
서울특별시 강남구청,서울특별시 강남구 선릉로 9 (개포동),서울특별시 강남구 개포동 660-37 (개포중학교 정문),생활방범,4,200,360전방면,30,2020-01,02-3423-6772,37.48033,127.06308999999999,2020-02-27,서울수서경찰서
서울특별시 강남구청,"서울특별시 강남구 개포로 303 (개포동,현대1차아파트)",서울특별시 강남구 개포동 653 (개포현대A 104동쪽 출입구),생활방범,3,200,360전방면,30,2020-09,02-3423-6772,37.482279999999996,127.05341000000001,2020-02-27,서울수서경찰서
서울특별시 강남구청,서울특별시 강남구 선릉로 29 (개포동),서울특별시 강남구 개포동 660-10,생활방범,4,200,360전방면,30,2020-02,02-3423-6772,37.481840000000005,127.05961,2020-02-27,서울수서경찰서
서울특별시 강남구청,"서울특별시 강남구 언주로6길 21 (개포동,명스튜디오)",서울특별시 강남구 개포동 660-21,생활방범,4,200,360전방면,30,2020-02,02-3423-6772,37.477309999999996,127.05842,2020-02-27,서울수서경찰서
서울특별시 강남구청,서울특별시 강남구 선릉로 29 (개포동),서울특별시 강남구 개포동 660-10 (개원초 후문 저수조와 개포주공1단지 26동 쪽 사이 ),생활방범,3,200,360전방면,30,2020-08,02-3423-6772,37.48067,127.05876,2020-02-27,서울수서경찰서
서울특별시 강남구청,"서울특별시 강남구 개포로 310 (개포동,개포주공1차아파트)",서울특별시 강남구 개포동 660-12 (개포주공1단지 75동 앞길),생활방범,4,200,360전방면,30,2020-08,02-3423-6772,37.4798,127.05713999999999,2020-02-27,서울수서경찰서
서울특별시 강남구청,서울특별시 강남구 양재대로 478(개포동),서울특별시 강남구 개포동 570 (구룡마을 8지구 구룡산 2호 공영주차장 내),생활방범,3,200,360전방면,30,2020-08,02-3423-6772,37.47752,127.06571000000001,2020-02-27,서울수서경찰서
서울특별시 강남구청,,서울특별시 강남구 개포동 649-1,생활방범,3,200,360전방면,30,2020-12,02-3423-6772,37.48581,127.05465,2020-02-27,서울수서경찰서
서울특별시 강남구청,서울특별시 강남구 개포로 307 (개포동),서울특별시 강남구 개포동 651-1 (개포우성 9차A 입구),생활방범,4,200,360전방면,30,2020-12,02-3423-6772,37.483979999999995,127.05731000000002,2020-02-27,서울수서경찰서
서울특별시 강남구청,서울특별시 강남구 선릉로 7 (개포동),서울특별시 강남구 개포동 141 (개포주공1단지 112동 앞),생활방범,4,400,360전방면,30,2020-07,02-3423-6772,37.478190000000005,127.06022,2020-02-27,서울수서경찰서
서울특별시 강남구청,"서울특별시 강남구 개포로 310 (개포동, 개포주공1차아파트)",서울특별시 강남구 개포동 660-1 (개포1단지 31동~51동 사이),생활방범,4,200,360전방면,30,2020-12,02-3423-6772,37.47987,127.05928,2020-02-27,서울수서경찰서
서울특별시 강남구청,서울특별시 강남구 선릉로8길 26 (개포동),서울특별시 강남구 개포동 160-3,생활방범,4,200,360전방면,30,2020-12,02-3423-6772,37.483670000000004,127.06257,2020-02-27,서울수서경찰서
서울특별시 강남구청,서울특별시 강남구 선릉로12길 12 (개포동),서울특별시 강남구 개포동 169-3,생활방범,4,200,360전방면,30,2020-06,02-3423-6772,37.48364,127.06116000000002,2020-02-27,서울수서경찰서
서울특별시 강남구청,서울특별시 강남구 선릉로18길 15 (개포동),서울특별시 강남구 개포동 170-12,생활방범,4,200,360전방면,30,2020-06,02-3423-6772,37.48451,127.06131,2020-02-27,서울수서경찰서
서울특별시 강남구청,서울특별시 강남구 선릉로18길 8 (개포동),서울특별시 강남구 개포동 172-2,생활방범,4,200,360전방면,30,2020-06,02-3423-6772,37.48389,127.05991000000002,2020-02-27,서울수서경찰서
서울특별시 강남구청,서울특별시 강남구 개포로 402 (개포동),서울특별시 강남구 개포동 173 (개포고 담장),생활방범,4,200,360전방면,30,2020-11,02-3423-6772,37.48457,127.06008999999999,2020-02-27,서울수서경찰서
서울특별시 강남구청,서울특별시 강남구 개포로 401 (개포동),서울특별시 강남구 개포동 174 (개일초 정문),생활방범,4,200,360전방면,30,2020-06,02-3423-6772,37.48507,127.05802,2020-02-27,서울수서경찰서
서울특별시 강남구청,서울특별시 강남구 개포로 511 (개포동),서울특별시 강남구 개포동 182 (양전초 뒤 산책로),생활방범,5,200,360전방면,30,2020-07,02-3423-6772,37.4903,127.06873999999999,2020-02-27,서울수서경찰서
서울특별시 강남구청,"서울특별시 강남구 삼성로4길 17 (개포동, 주공아파트)",서울특별시 강남구 개포동 187 (개포주공5단지 501동 앞),생활방범,4,200,360전방면,30,2020-07,02-3423-6772,37.488890000000005,127.06923,2020-02-27,서울수서경찰서
서울특별시 강남구청,"서울특별시 강남구 삼성로 14 (개포동, 주공아파트)",서울특별시 강남구 개포동 189 (개포주공4단지 401동 앞),생활방범,1,200,360전방면,30,2020-09,02-3423-6772,37.48603,127.06764,2020-02-27,서울수서경찰서
서울특별시 강남구청,"서울특별시 강남구 삼성로 11 (개포동, 주공아파트)",서울특별시 강남구 개포동 138 (개포주공3단지 다상가 앞),생활방범,1,200,360전방면,30,2020-09,02-3423-6772,37.48413,127.0684,2020-02-27,서울수서경찰서
서울특별시 강남구청,"서울특별시 강남구 삼성로 11 (개포동, 주공아파트)",서울특별시 강남구 개포동 138 (개포주공3단지 후문 입구),생활방범,1,200,360전방면,30,2020-09,02-3423-6772,37.48498,127.06578999999999,2020-02-27,서울수서경찰서
서울특별시 강남구청,서울특별시 강남구 개포로82길 13-9 (개포동),서울특별시 강남구 개포동 186-4,생활방범,4,200,360전방면,30,2020-11,02-3423-6772,37.48855,127.06798,2020-02-27,서울수서경찰서
서울특별시 강남구청,서울특별시 강남구 선릉로 30 (개포동),서울특별시 강남구 개포동 167-4,생활방범,4,200,360전방면,30,2020-11,02-3423-6772,37.48274,127.06118000000001,2020-02-27,서울수서경찰서
서울특별시 강남구청,서울특별시 강남구 선릉로4길 17 (개포동),서울특별시 강남구 개포동 158-7,생활방범,4,200,360전방면,30,2020-11,02-3423-6772,37.48281,127.06253999999998,2020-02-27,서울수서경찰서
서울특별시 강남구청,서울특별시 강남구 영동대로3길 9 (개포동),서울특별시 강남구 개포동 189-3 (개포어린이집 앞),생활방범,4,200,360전방면,30,2020-12,02-3423-6772,37.48809,127.07365,2020-02-27,서울수서경찰서
서울특별시 강남구청,서울특별시 강남구 개포로 513 (개포동),서울특별시 강남구 개포동 183 (양전초교 육교삼거리),생활방범,3,200,360전방면,30,2020-01,02-3423-6772,37.49015,127.07093,2020-02-27,서울수서경찰서
서울특별시 강남구청,"서울특별시 강남구 선릉로10길 28 (개포동, 우성파크빌라)",서울특별시 강남구 개포동 161,생활방범,4,200,360전방면,30,2020-02,02-3423-6772,37.48429,127.06201000000001,2020-02-27,서울수서경찰서
서울특별시 강남구청,서울특별시 강남구 개포로 지하403 (개포동),서울특별시 강남구 개포동 175-5 (구룡역2~3번출구 사이),생활방범,4,200,360전방면,30,2020-01,02-3423-6772,37.48692,127.06008,2020-02-27,서울수서경찰서
서울특별시 강남구청,서울특별시 강남구 개포로82길 9-11 (개포동),서울특별시 강남구 개포동 186-10,생활방범,5,200,360전방면,30,2020-09,02-3423-6772,37.489020000000004,127.06786000000001,2020-02-27,서울수서경찰서
서울특별시 강남구청,서울특별시 강남구 영동대로3길 45 (개포동),서울특별시 강남구 개포동 188,생활방범,3,200,360전방면,30,2020-09,02-3423-6772,37.486779999999996,127.06969,2020-02-27,서울수서경찰서
서울특별시 강남구청,,서울특별시 강남구 개포동 156-1,생활방범,3,200,360전방면,30,2020-02,02-3423-6772,37.48599,127.0595,2020-02-27,서울수서경찰서
서울특별시 강남구청,서울특별시 강남구 개포로 402 (개포동),서울특별시 강남구 개포동 173,생활방범,4,200,360전방면,30,2020-02,02-3423-6772,37.48393,127.05922,2020-02-27,서울수서경찰서
서울특별시 강남구청,서울특별시 강남구 영동대로 101 (개포동),서울특별시 강남구 개포동 183-1 (개원중학교-영동6교 인접지),생활방범,4,200,360전방면,30,2020-08,02-3423-6772,37.49245,127.07178,2020-02-27,서울수서경찰서
서울특별시 강남구청,"서울특별시 강남구 삼성로 14(개포동, 주공아파트)",서울특별시 강남구 개포동 189 (개포주공4단지 420동 옆 간이 출입문),생활방범,4,200,360전방면,30,2020-08,02-3423-6772,37.48317,127.06981,2020-02-27,서울수서경찰서
서울특별시 강남구청,서울특별시 강남구 영동대로4길 7 (일원동),서울특별시 강남구 개포동 613,생활방범,1,41,360전방면,30,2020-07,02-3423-6772,37.48897,127.0744,2020-02-27,서울수서경찰서
서울특별시 강남구청,서울특별시 강남구 개포로 516 (개포동),서울특별시 강남구 개포동 185-1,생활방범,4,200,360전방면,30,2020-12,02-3423-6772,37.48855,127.07163,2020-02-27,서울수서경찰서
서울특별시 강남구청,서울특별시 강남구 양재대로 478 (개포동),서울특별시 강남구 개포동 154,생활방범,4,200,360전방면,30,2020-12,02-3423-6772,37.48738,127.06459,2020-02-27,서울수서경찰서
서울특별시 강남구청,서울특별시 강남구 개포로 409-1(개포동),서울특별시 강남구 개포동 181,생활방범,4,200,360전방면,30,2020-12,02-3423-6772,37.48871,127.06178999999999,2020-02-27,서울수서경찰서
서울특별시 강남구청,서울특별시 강남구 개포로 409-1 (개포동),서울특별시 강남구 개포동 180,생활방범,4,200,360전방면,30,2020-12,02-3423-6772,37.48894,127.06461000000002,2020-02-27,서울수서경찰서
서울특별시 강남구청,서울특별시 강남구 개포로 509 (개포동),서울특별시 강남구 개포동 182-1,생활방범,3,200,360전방면,30,2020-12,02-3423-6772,37.48966,127.06713,2020-02-27,서울수서경찰서
서울특별시 강남구청,서울특별시 강남구 개포로 409-1 (개포동),서울특별시 강남구 개포동 175 (이화경로당 앞),생활방범,4,200,360전방면,30,2020-12,02-3423-6772,37.4883,127.05951999999999,2020-02-27,서울수서경찰서
서울특별시 강남구청,서울특별시 강남구 선릉로4길 25 (개포동),서울특별시 강남구 개포동 157-1,생활방범,4,400,360전방면,30,2020-07,02-3423-6772,37.483579999999996,127.0636,2020-02-27,서울수서경찰서
서울특별시 강남구청,서울특별시 강남구 개포로 403 (개포동),서울특별시 강남구 개포동 175-4 (구룡역2번출구),생활방범,4,200,360전방면,30,2020-12,02-3423-6772,37.48669,127.05962,2020-02-27,서울수서경찰서
서울특별시 강남구청,서울특별시 강남구 선릉로10길 23 (개포동),서울특별시 강남구 개포동 169-8,생활방범,4,200,360전방면,30,2020-12,02-3423-6772,37.48402,127.06165,2020-02-27,서울수서경찰서
서울특별시 강남구청,서울특별시 강남구 선릉로4길 30 (개포동),서울특별시 강남구 개포동 139(개포근린공원),생활방범,3,200,360전방면,30,2020-11,02-3423-6772,37.48218,127.06738,2020-02-27,서울수서경찰서
서울특별시 강남구청,서울특별시 강남구 선릉로4길 30 (개포동),서울특별시 강남구 개포동 139(개포근린공원),생활방범,3,200,360전방면,30,2020-11,02-3423-6772,37.48192,127.06766999999999,2020-02-27,서울수서경찰서
서울특별시 강남구청,서울특별시 강남구 선릉로4길 30 (개포동),서울특별시 강남구 개포동 139(개포근린공원),생활방범,4,200,360전방면,30,2020-08,02-3423-6772,37.48155,127.06822,2020-02-27,서울수서경찰서
서울특별시 강남구청,서울특별시 강남구 개포로 265 (개포동),서울특별시 강남구 개포동 655-4,생활방범,4,200,360전방면,30,2020-07,02-3423-6772,37.48073,127.05303,2020-02-27,서울수서경찰서
서울특별시 강남구청,,서울특별시 강남구 개포동 1164-33 (지하보도 벽),생활방범,4,200,360전방면,30,2020-06,02-3423-6772,37.47429,127.05561999999999,2020-02-27,서울수서경찰서
서울특별시 강남구청,서울특별시 강남구 논현로 16 (개포동),서울특별시 강남구 개포동 1163,생활방범,1,200,360전방면,30,2020-09,02-3423-6772,37.47296,127.05006000000002,2020-02-27,서울수서경찰서
서울특별시 강남구청,"서울특별시 강남구 논현로4길 28 (개포동, 더샵그린아파트)",서울특별시 강남구 개포동 1167,생활방범,4,200,360전방면,30,2020-07,02-3423-6772,37.47332,127.05223000000001,2020-02-27,서울수서경찰서
서울특별시 강남구청,서울특별시 강남구 논현로8길 46-8 (개포동),서울특별시 강남구 개포동 1185-4 (개포목련공원 코너),생활방범,4,200,360전방면,30,2020-06,02-3423-6772,37.4744,127.05215,2020-02-27,서울수서경찰서
서울특별시 강남구청,서울특별시 강남구 논현로8길 11 (개포동),서울특별시 강남구 개포동 1187-11,생활방범,5,200,360전방면,30,2020-06,02-3423-6772,37.47391,127.04982,2020-02-27,서울수서경찰서
서울특별시 강남구청,서울특별시 강남구 논현로14길 10 (개포동),서울특별시 강남구 개포동 1224-2,생활방범,4,200,360전방면,30,2020-06,02-3423-6772,37.47529,127.04831000000001,2020-02-27,서울수서경찰서
서울특별시 강남구청,서울특별시 강남구 개포로26길 18 (개포동),서울특별시 강남구 개포동 1205,생활방범,5,200,360전방면,30,2020-06,02-3423-6772,37.47797,127.04928999999998,2020-02-27,서울수서경찰서
서울특별시 강남구청,서울특별시 강남구 개포로28길 47 (개포동),서울특별시 강남구 개포동 1211-8 (달터공원 담장),생활방범,3,200,360전방면,30,2020-06,02-3423-6772,37.47855,127.05218,2020-02-27,서울수서경찰서
서울특별시 강남구청,서울특별시 강남구 개포로24길 21 (개포동),서울특별시 강남구 개포동 1205-9,생활방범,5,200,360전방면,30,2020-06,02-3423-6772,37.47781,127.04905,2020-02-27,서울수서경찰서
서울특별시 강남구청,서울특별시 강남구 개포로20길 48 (개포동),서울특별시 강남구 개포동 1221-5 (개포은행나무공원 코너),생활방범,5,200,360전방면,30,2020-06,02-3423-6772,37.476259999999996,127.04908999999999,2020-02-27,서울수서경찰서
서울특별시 강남구청,서울특별시 강남구 개포로20길 11 (개포동),서울특별시 강남구 개포동 1231-20,생활방범,1,41,360전방면,30,2020-02,02-3423-6772,37.47807,127.04737,2020-02-27,서울수서경찰서
서울특별시 강남구청,서울특별시 강남구 개포로15길 25 (개포동),서울특별시 강남구 개포동 1239-7,생활방범,4,200,360전방면,30,2020-06,02-3423-6772,37.48007,127.04563999999999,2020-02-27,서울수서경찰서
서울특별시 강남구청,서울특별시 강남구 개포로17길 13 (개포동),서울특별시 강남구 개포동 1244-7,생활방범,5,200,360전방면,30,2020-08,02-3423-6772,37.479620000000004,127.04648,2020-02-27,서울수서경찰서
서울특별시 강남구청,서울특별시 강남구 개포로21길 26 (개포동),서울특별시 강남구 개포동 1253-7,생활방범,3,200,360전방면,30,2020-12,02-3423-6772,37.48045,127.0473,2020-02-27,서울수서경찰서
서울특별시 강남구청,서울특별시 강남구 개포로 233 (개포동),서울특별시 강남구 개포동 1258-6,생활방범,5,200,360전방면,30,2020-06,02-3423-6772,37.47909,127.04818,2020-02-27,서울수서경찰서
서울특별시 강남구청,서울특별시 강남구 개포로 261 (개포동),서울특별시 강남구 개포동 1262 (달터공원 담장),생활방범,5,200,360전방면,30,2020-12,02-3423-6772,37.48041,127.04898,2020-02-27,서울수서경찰서
서울특별시 강남구청,서울특별시 강남구 개포로25길 28 (개포동),서울특별시 강남구 개포동 1265,생활방범,1,41,360전방면,30,2020-07,02-3423-6772,37.48083,127.04803000000001,2020-02-27,서울수서경찰서
서울특별시 강남구청,서울특별시 강남구 개포로22길 87 (개포동),서울특별시 강남구 개포동 1273 (포이초 담장),생활방범,1,41,360전방면,30,2020-02,02-3423-6772,37.4759,127.05368999999999,2020-02-27,서울수서경찰서
서울특별시 강남구청,서울특별시 강남구 개포로20길 24-7 (개포동),서울특별시 강남구 개포동 1230-2 (전주),생활방범,1,200,360전방면,30,2020-04,02-3423-6772,37.47692,127.04751999999999,2020-02-27,서울수서경찰서
서울특별시 강남구청,"서울특별시 강남구 개포로15길 32-8 (개포동, 포이동현대아파트)",서울특별시 강남구 개포동 1242-3 (포이현대A 담장),생활방범,1,200,360전방면,30,2020-04,02-3423-6772,37.47968,127.04618,2020-02-27,서울수서경찰서
서울특별시 강남구청,서울특별시 강남구 개포로 263 (개포동),서울특별시 강남구 개포동 655 (구룡초 정문),생활방범,1,200,360전방면,30,2020-09,02-3423-6772,37.48044,127.05255,2020-02-27,서울수서경찰서
서울특별시 강남구청,"서울특별시 강남구 논현로2길 63(개포동, 동산빌라)",서울특별시 강남구 개포동 1164-29,생활방범,1,200,360전방면,30,2020-09,02-3423-6772,37.4748,127.05521,2020-02-27,서울수서경찰서
서울특별시 강남구청,서울특별시 강남구 양재대로 333 (개포동),서울특별시 강남구 개포동 1163-8,생활방범,1,200,360전방면,30,2020-09,02-3423-6772,37.47204,127.05101,2020-02-27,서울수서경찰서
서울특별시 강남구청,서울특별시 강남구 논현로4길 15 (개포동),서울특별시 강남구 개포동 1171-6,생활방범,4,200,360전방면,30,2020-12,02-3423-6772,37.472879999999996,127.05136,2020-02-27,서울수서경찰서
서울특별시 강남구청,"서울특별시 강남구 논현로8길 66 (개포동, 꼼지하우스)",서울특별시 강남구 개포동 1181,생활방범,4,200,360전방면,30,2020-06,02-3423-6772,37.47533,127.05385,2020-02-27,서울수서경찰서
서울특별시 강남구청,서울특별시 강남구 개포로22길 45-13 (개포동),서울특별시 강남구 개포동 1202-7,생활방범,1,200,360전방면,30,2020-09,02-3423-6772,37.47683,127.05063999999999,2020-02-27,서울수서경찰서
서울특별시 강남구청,서울특별시 강남구 개포로28길 47 (개포동),서울특별시 강남구 개포동 1207-5 (달터공원 담장),생활방범,4,200,360전방면,30,2020-12,02-3423-6772,37.47749,127.05096,2020-02-27,서울수서경찰서
서울특별시 강남구청,서울특별시 강남구 논현로14길 5 (개포동),서울특별시 강남구 개포동 1225,생활방범,1,200,360전방면,30,2020-09,02-3423-6772,37.475359999999995,127.04772,2020-02-27,서울수서경찰서
서울특별시 강남구청,서울특별시 강남구 개포로15길 9 (개포동),서울특별시 강남구 개포동 1240-2,생활방범,1,200,360전방면,30,2020-09,02-3423-6772,37.47902,127.04518999999999,2020-02-27,서울수서경찰서
서울특별시 강남구청,서울특별시 강남구 개포로31길 10 (개포동),서울특별시 강남구 개포동 1262-15,생활방범,4,200,360전방면,30,2020-08,02-3423-6772,37.479659999999996,127.04961999999999,2020-02-27,서울수서경찰서
서울특별시 강남구청,서울특별시 강남구 개포로22길 87 (개포동),서울특별시 강남구 개포동 1273 (포이초 담장),생활방범,1,200,360전방면,30,2020-09,02-3423-6772,37.47509,127.05243,2020-02-27,서울수서경찰서
서울특별시 강남구청,서울특별시 강남구 논현로12길 16 (개포동),서울특별시 강남구 개포동 1197,생활방범,1,200,360전방면,30,2020-04,02-3423-6772,37.47498,127.04938999999999,2020-02-27,서울수서경찰서
서울특별시 강남구청,,서울특별시 강남구 개포동 1229-2,생활방범,1,200,360전방면,30,2020-04,02-3423-6772,37.47773,127.04527,2020-02-27,서울수서경찰서
서울특별시 강남구청,서울특별시 강남구 개포로24길 6 (개포동),서울특별시 강남구 개포동 1218,생활방범,1,200,360전방면,30,2020-12,02-3423-6772,37.47853,127.04812,2020-02-27,서울수서경찰서
서울특별시 강남구청,서울특별시 강남구 개포로20길 48 (개포동),서울특별시 강남구 개포동 1223-1 (개포은행나무공원 코너),생활방범,4,200,360전방면,30,2020-12,02-3423-6772,37.47578,127.04903,2020-02-27,서울수서경찰서
서울특별시 강남구청,서울특별시 강남구 개포로21길 17 (개포동),서울특별시 강남구 개포동 1252-10,생활방범,5,200,360전방면,30,2020-12,02-3423-6772,37.4798,127.04688,2020-02-27,서울수서경찰서
서울특별시 강남구청,서울특별시 강남구 개포로22길 46 (개포동),서울특별시 강남구 개포동 1200,생활방범,5,200,360전방면,30,2020-12,02-3423-6772,37.47635,127.04966999999999,2020-02-27,서울수서경찰서
서울특별시 강남구청,,서울특별시 강남구 개포동 1279 (양재천 계단 앞),생활방범,4,200,360전방면,30,2020-11,02-3423-6772,37.482209999999995,127.04834,2020-02-27,서울수서경찰서
서울특별시 강남구청,서울특별시 강남구 개포로28길 47 (개포동),서울특별시 강남구 개포동 1271 (강남구민체육관 입구),생활방범,3,200,360전방면,30,2020-11,02-3423-6772,37.47676,127.05238,2020-02-27,서울수서경찰서
서울특별시 강남구청,서울특별시 강남구 개포로 257 (개포동),서울특별시 강남구 개포동 1262-9 (강남동산어린이집 앞),생활방범,3,200,360전방면,30,2020-12,02-3423-6772,37.47967,127.05025,2020-02-27,서울수서경찰서
서울특별시 강남구청,"서울특별시 강남구 논현로4길 50 (개포동, 포이현대빌라트)",서울특별시 강남구 개포동 1165,생활방범,4,200,360전방면,30,2020-01,02-3423-6772,37.474140000000006,127.05351,2020-02-27,서울수서경찰서
서울특별시 강남구청,서울특별시 강남구 논현로8길 46-8 (개포동),서울특별시 강남구 개포동 1176 (개포목련공원 내),생활방범,3,200,360전방면,30,2020-01,02-3423-6772,37.47419,127.05238,2020-02-27,서울수서경찰서
서울특별시 강남구청,서울특별시 강남구 언주로 25 (개포동),서울특별시 강남구 개포동 656-1 (예지어린이집 앞),생활방범,4,200,360전방면,30,2020-12,02-3423-6772,37.47893,127.05555,2020-02-27,서울수서경찰서
서울특별시 강남구청,서울특별시 강남구 개포로22길 39-11 (개포동),서울특별시 강남구 개포동 1204-7 (아이뜰어린이집 앞),생활방범,4,200,360전방면,30,2020-12,02-3423-6772,37.47896,127.05561999999999,2020-02-27,서울수서경찰서
서울특별시 강남구청,서울특별시 강남구 개포로36길 14 (개포동),서울특별시 강남구 개포동 1210-4 (해맑은어린이집 앞),생활방범,4,200,360전방면,30,2020-12,02-3423-6772,37.478559999999995,127.05142,2020-02-27,서울수서경찰서
서울특별시 강남구청,서울특별시 강남구 논현로6길 22 (개포동),서울특별시 강남구 개포동 1172,생활방범,5,200,360전방면,30,2020-02,02-3423-6772,37.47376,127.05127,2020-02-27,서울수서경찰서
서울특별시 강남구청,서울특별시 강남구 논현로16길 9 (개포동),서울특별시 강남구 개포동 1229-17,생활방범,5,200,360전방면,30,2020-01,02-3423-6772,37.47631,127.04715,2020-02-27,서울수서경찰서
서울특별시 강남구청,,서울특별시 강남구 개포동 1267-1,생활방범,3,200,360전방면,30,2020-05,02-3423-6772,37.482409999999994,127.04966,2020-02-27,서울수서경찰서
서울특별시 강남구청,,서울특별시 강남구 개포동 1164-33,생활방범,3,200,360전방면,30,2020-05,02-3423-6772,37.47316,127.05326000000001,2020-02-27,서울수서경찰서
서울특별시 강남구청,서울특별시 강남구 논현로6길 11 (개포동),서울특별시 강남구 개포동 1189-11,생활방범,5,200,360전방면,30,2020-09,02-3423-6772,37.47323,127.05032,2020-02-27,서울수서경찰서
서울특별시 강남구청,서울특별시 강남구 개포로 217 (개포동),서울특별시 강남구 개포동 1247-5 (포이공원 내),생활방범,3,200,360전방면,30,2020-09,02-3423-6772,37.47888,127.0468,2020-02-27,서울수서경찰서
서울특별시 강남구청,서울특별시 강남구 논현로8길 24 (개포동),서울특별시 강남구 개포동 1185 (현대빌라사거리),생활방범,5,200,360전방면,30,2020-09,02-3423-6772,37.474109999999996,127.05103000000001,2020-02-27,서울수서경찰서
서울특별시 강남구청,"서울특별시 강남구 개포로28길 28 (개포동, 리치타운아파트)",서울특별시 강남구 개포동 1204-5,생활방범,3,200,360전방면,30,2020-09,02-3423-6772,37.47743,127.05036000000001,2020-02-27,서울수서경찰서
서울특별시 강남구청,서울특별시 강남구 개포로22길 65 (개포동),서울특별시 강남구 개포동 1272,생활방범,4,200,360전방면,30,2020-02,02-3423-6772,37.47677,127.05135,2020-02-27,서울수서경찰서
서울특별시 강남구청,서울특별시 강남구 논현로20길 18 (개포동),서울특별시 강남구 개포동 1237-6,생활방범,3,200,360전방면,30,2020-02,02-3423-6772,37.478229999999996,127.04626999999999,2020-02-27,서울수서경찰서
서울특별시 강남구청,서울특별시 강남구 논현로18길 14-9 (개포동),서울특별시 강남구 개포동 1234-14 (민경빌라주변),생활방범,3,200,360전방면,30,2020-02,02-3423-6772,37.47745,127.04663000000001,2020-02-27,서울수서경찰서
서울특별시 강남구청,"서울특별시 강남구 개포로28길 36 (개포동, 비스타그린빌)",서울특별시 강남구 개포동 1202-6 (래미안빌 주변),생활방범,4,200,360전방면,30,2020-08,02-3423-6772,37.47708,127.05073999999999,2020-02-27,서울수서경찰서
서울특별시 강남구청,"서울특별시 강남구 개포로32길 19 (개포동, 베네세하우스)",서울특별시 강남구 개포동 1209-12 (베네세하우스 주변),생활방범,3,200,360전방면,30,2020-08,02-3423-6772,37.47821,127.05071000000001,2020-02-27,서울수서경찰서
서울특별시 강남구청,서울특별시 강남구 논현로16길 20-5 (개포동),서울특별시 강남구 개포동 1221-9 (청원빌라 주변),생활방범,3,200,360전방면,30,2020-08,02-3423-6772,37.47637,127.04848999999999,2020-02-27,서울수서경찰서
서울특별시 강남구청,"서울특별시 강남구 논현로2길 36 (개포동, 뉴새롬아파트)",서울특별시 강남구 개포동 1164-13,생활방범,4,200,360전방면,30,2020-08,02-3423-6772,37.47341,127.05301000000001,2020-02-27,서울수서경찰서
서울특별시 강남구청,서울특별시 강남구 개포로15길 41 (개포동),서울특별시 강남구 개포동 1239,생활방범,4,200,360전방면,30,2020-08,02-3423-6772,37.48062,127.04666,2020-02-27,서울수서경찰서
서울특별시 강남구청,"서울특별시 강남구 개포로25길 13 (개포동, 아원포레스빌)",서울특별시 강남구 개포동 1256-4,생활방범,4,200,360전방면,30,2020-08,02-3423-6772,37.477940000000004,127.04652,2020-02-27,서울수서경찰서
서울특별시 강남구청,서울특별시 강남구 개포로28길 47 (개포동),서울특별시 강남구 개포동 1271 (달터공원 내 산책로),생활방범,4,200,360전방면,30,2020-12,02-3423-6772,37.47766,127.05225,2020-02-27,서울수서경찰서
서울특별시 강남구청,서울특별시 강남구 논현로20길 4-34 (개포동),서울특별시 강남구 개포동 1236-11,생활방범,4,200,360전방면,30,2020-12,02-3423-6772,37.47636,127.04668000000001,2020-02-27,서울수서경찰서
서울특별시 강남구청,서울특별시 강남구 논현로14길 17 (개포동),서울특별시 강남구 개포동 1222-6,생활방범,4,200,360전방면,30,2020-06,02-3423-6772,37.47586,127.04841,2020-02-27,서울수서경찰서
서울특별시 강남구청,서울특별시 강남구 논현로12길 9 (개포동),서울특별시 강남구 개포동 1195-6,생활방범,4,400,360전방면,30,2020-07,02-3423-6772,37.474509999999995,127.04905,2020-02-27,서울수서경찰서
서울특별시 강남구청,서울특별시 강남구 논현로18길 14-19 (개포동),서울특별시 강남구 개포동 1234-9,생활방범,4,400,360전방면,30,2020-07,02-3423-6772,37.47687,127.04723999999999,2020-02-27,서울수서경찰서
서울특별시 강남구청,서울특별시 강남구 개포로34길 13 (개포동),서울특별시 강남구 개포동 1210-12,생활방범,3,400,360전방면,30,2020-07,02-3423-6772,37.47837,127.05118,2020-02-27,서울수서경찰서
서울특별시 강남구청,서울특별시 강남구 논현로8길 35 (개포동),서울특별시 강남구 개포동 1184-19,생활방범,3,400,360전방면,30,2020-07,02-3423-6772,37.47443,127.05152,2020-02-27,서울수서경찰서
서울특별시 강남구청,서울특별시 강남구 개포로 263 (개포동),서울특별시 강남구 개포동 655 (구룡초 후문),생활방범,3,200,360전방면,30,2020-12,02-3423-6772,37.48154,127.05211000000001,2020-02-27,서울수서경찰서
서울특별시 강남구청,서울특별시 강남구 논현로4길 61 (개포동),서울특별시 강남구 개포동 1181-4,생활방범,4,200,360전방면,30,2020-12,02-3423-6772,37.47482,127.05436999999999,2020-02-27,서울수서경찰서
서울특별시 강남구청,서울특별시 강남구 논현로6길 30-9(개포동),서울특별시 강남구 개포동 1175-6,생활방범,3,200,360전방면,30,2020-12,02-3423-6772,37.4737,127.05237,2020-02-27,서울수서경찰서
서울특별시 강남구청,"서울특별시 강남구 논현로4길 28 (개포동, 더샵그린아파트)",서울특별시 강남구 개포동 1167,생활방범,4,200,360전방면,30,2020-12,02-3423-6772,37.472840000000005,127.05226,2020-02-27,서울수서경찰서
서울특별시 강남구청,서울특별시 강남구 개포로109길 62 (개포동),서울특별시 강남구 개포동 13-1 (대진공원 정자 옆),생활방범,4,200,360전방면,30,2020-12,02-3423-6772,37.49575,127.07831000000002,2020-02-27,서울수서경찰서
서울특별시 강남구청,"서울특별시 강남구 개포로109길 21 (개포동, 대청아파트)",서울특별시 강남구 개포동 12-3 (대치2단지A 209동과 한마음공원 사이),생활방범,1,200,360전방면,30,2020-09,02-3423-6772,37.49608,127.07555,2020-02-27,서울수서경찰서
서울특별시 강남구청,"서울특별시 강남구 개포로109길 21 (개포동, 대청아파트)",서울특별시 강남구 개포동 12 (삼익대청A 302동 입구),생활방범,1,200,360전방면,30,2020-04,02-3423-6772,37.49572,127.07777,2020-02-27,서울수서경찰서
서울특별시 강남구청,"서울특별시 강남구 개포로109길 21 (개포동, 대청아파트)",서울특별시 강남구 개포동 12 (강남어린이집 앞),생활방범,4,200,360전방면,30,2020-12,02-3423-6772,37.49201,127.07446999999999,2020-02-27,서울수서경찰서
서울특별시 강남구청,서울특별시 강남구 개포로109길 74 (개포동),서울특별시 강남구 개포동 13 (대진초 정문),생활방범,4,200,360전방면,30,2020-01,02-3423-6772,37.49666,127.07748000000001,2020-02-27,서울수서경찰서
서울특별시 강남구청,"서울특별시 강남구 개포로109길 21 (개포동, 대청아파트)",서울특별시 강남구 개포동 306 (대치(아) 102동 북축 가로공원 정자 옆),생활방범,4,200,360전방면,30,2020-08,02-3423-6772,37.49306,127.07245,2020-02-27,서울수서경찰서
서울특별시 강남구청,,서울특별시 강남구 개포동 13-5 (대진-마루공원 사이 다리),생활방범,5,200,360전방면,30,2020-08,02-3423-6772,37.49558,127.07916000000002,2020-02-27,서울수서경찰서
서울특별시 강남구청,서울특별시 강남구 개포로109길 9 (개포동),서울특별시 강남구 개포동 12 (이화유치원 앞),생활방범,3,200,360전방면,30,2020-12,02-3423-6772,37.49338,127.0746,2020-02-27,서울수서경찰서
서울특별시 강남구청,서울특별시 강남구 개포로 617-8 (일원동),서울특별시 강남구 개포동 14-2,생활방범,4,200,360전방면,30,2020-12,02-3423-6772,37.49382,127.07738,2020-02-27,서울수서경찰서
서울특별시 강남구청,,서울특별시 강남구 개포동 12-8,생활방범,3,400,360전방면,30,2020-07,02-3423-6772,37.49268,127.07234,2020-02-27,서울수서경찰서
서울특별시 강남구청,,서울특별시 강남구 개포동 156-20 (구룡역1번출구 앞),생활방범,5,200,360전방면,30,2020-06,02-3423-6772,37.48621,127.05911,2020-02-27,서울수서경찰서
서울특별시 강남구청,"서울특별시 강남구 논현로18길 10-13(개포동, 광현빌라)",서울특별시 강남구 개포동 1235-16,생활방범,3,200,360전방면,30,2020-06,02-3423-6772,37.47712,127.04643999999999,2020-02-27,서울수서경찰서
서울특별시 강남구청,"서울특별시 강남구 개포로21길 10(개포동, 까사밀라)",서울특별시 강남구 개포동 1257,생활방범,4,200,360전방면,30,2020-06,02-3423-6772,37.47938,127.04706999999999,2020-02-27,서울수서경찰서
서울특별시 강남구청,,서울특별시 강남구 개포동 1267-2(현대2@ 211동 후문 앞),생활방범,3,200,360전방면,30,2020-06,02-3423-6772,37.48365,127.05086999999999,2020-02-27,서울수서경찰서
서울특별시 강남구청,서울특별시 강남구 논현로12길 5(개포동),서울특별시 강남구 개포동 1195-7,생활방범,3,200,360전방면,30,2020-06,02-3423-6772,37.47432,127.04873,2020-02-27,서울수서경찰서
서울특별시 강남구청,서울특별시 강남구 개포로 257(개포동),서울특별시 강남구 개포동 1262-9,생활방범,4,200,360전방면,30,2020-06,02-3423-6772,37.479490000000006,127.05085,2020-02-27,서울수서경찰서
서울특별시 강남구청,서울특별시 강남구 언주로6길 17(개포동),서울특별시 강남구 개포동 660-17,생활방범,3,200,360전방면,30,2020-12,02-3423-6772,37.47763,127.05858,2020-02-27,서울수서경찰서
서울특별시 강남구청,서울특별시 강남구 영동대로3길 45(개포동),서울특별시 강남구 개포동 188,생활방범,4,200,360전방면,30,2020-12,02-3423-6772,37.487120000000004,127.07077,2020-02-27,서울수서경찰서
서울특별시 강남구청,서울특별시 강남구 개포로25길 8(개포동),서울특별시 강남구 개포동 1260,생활방범,3,200,360전방면,30,2020-12,02-3423-6772,37.47952,127.04836,2020-02-27,서울수서경찰서
서울특별시 강남구청,서울특별시 강남구 개포로 240(개포동),서울특별시 강남구 개포동 1217-6,생활방범,5,200,360전방면,30,2020-12,02-3423-6772,37.47869,127.04908,2020-02-27,서울수서경찰서
서울특별시 강남구청,서울특별시 강남구 개포동 13-5,서울특별시 강남구 개포동 13-5,생활방범,4,200,360전방면,30,2020-12,02-3423-6772,37.49694,127.07885,2020-02-27,서울수서경찰서
서울특별시 강남구청,서울특별시 강남구 개포동 6-6,서울특별시 강남구 개포동 12,생활방범,3,200,360전방면,30,2020-12,02-3423-6772,37.493990000000004,127.07318000000001,2020-02-27,서울수서경찰서
서울특별시 강남구청,,서울특별시 강남구 개포동 146-2,생활방범,5,200,360전방면,30,2020-07,02-3423-6772,37.48251,127.0703,2020-02-27,서울수서경찰서
서울특별시 강남구청,,서울특별시 강남구 개포동 148,생활방범,3,200,360전방면,30,2020-07,02-3423-6772,37.484359999999995,127.06466999999999,2020-02-27,서울수서경찰서
서울특별시 강남구청,서울특별시 강남구 삼성로 36(골목),서울특별시 강남구 개포동 186-2(골목),생활방범,5,200,360전방면,30,2020-07,02-3423-6772,37.48852,127.06715,2020-02-27,서울수서경찰서
서울특별시 강남구청,,서울특별시 강남구 개포동 154-1,생활방범,3,200,360전방면,30,2020-07,02-3423-6772,37.48823,127.06366000000001,2020-02-27,서울수서경찰서
서울특별시 강남구청,서울특별시 강남구 삼성로 36(골목),서울특별시 강남구 개포동 186-2,생활방범,4,200,360전방면,30,2020-07,02-3423-6772,37.48811,127.06657,2020-02-27,서울수서경찰서
서울특별시 강남구청,서울특별시 강남구 삼성로 29,서울특별시 강남구 개포동 152,생활방범,3,200,360전방면,30,2020-07,02-3423-6772,37.48688,127.06701000000001,2020-02-27,서울수서경찰서
서울특별시 강남구청,서울특별시 강남구 개포로15길 17,서울특별시 강남구 개포동 1239-10,생활방범,4,200,360전방면,30,2020-07,02-3423-6772,37.4795,127.04493000000001,2020-02-27,서울수서경찰서
서울특별시 강남구청,서울특별시 강남구 개포로 205,서울특별시 강남구 개포동 1239-19,생활방범,3,200,360전방면,30,2020-07,02-3423-6772,37.478590000000004,127.04502,2020-02-27,서울수서경찰서
서울특별시 강남구청,,서울특별시 강남구 개포동 12-7,생활방범,3,200,360전방면,30,2020-07,02-3423-6772,37.49175,127.07321,2020-02-27,서울수서경찰서
서울특별시 강남구청,서울특별시 강남구 개포로 509,서울특별시 강남구 개포동 182-1,생활방범,4,200,360전방면,30,2020-07,02-3423-6772,37.48955,127.06786000000001,2020-02-27,서울수서경찰서
서울특별시 강남구청,서울특별시 강남구 선릉로4길 30(개포근린공원 내),서울특별시 강남구 개포동 139,생활방범,3,200,360전방면,30,2020-11,02-3423-6772,37.48375,127.06425,2020-02-27,서울수서경찰서
서울특별시 강남구청,서울특별시 강남구 선릉로4길 30(개포근린공원 내),서울특별시 강남구 개포동 139,생활방범,5,200,360전방면,30,2020-11,02-3423-6772,37.48275,127.06703999999999,2020-02-27,서울수서경찰서
서울특별시 강남구청,서울특별시 강남구 선릉로4길 30(개포근린공원 내),서울특별시 강남구 개포동 139,생활방범,3,200,360전방면,30,2020-11,02-3423-6772,37.48203,127.06788999999999,2020-02-27,서울수서경찰서
서울특별시 강남구청,서울특별시 강남구 논현로8길 62,서울특별시 강남구 개포동 1180,생활방범,4,200,360전방면,30,2020-11,02-3423-6772,37.47515,127.05358999999999,2020-02-27,서울수서경찰서
서울특별시 강남구청,서울특별시 강남구 개포로31길 31,서울특별시 강남구 개포동 1265-4,생활방범,4,200,360전방면,30,2020-11,02-3423-6772,37.48086,127.04868,2020-02-27,서울수서경찰서
서울특별시 강남구청,서울특별시 강남구 개포로109길 21(상가 앞 삼거리),서울특별시 강남구 개포동12,생활방범,5,200,360전방면,30,2020-11,02-3423-6772,37.49309,127.07598999999999,2020-02-27,서울수서경찰서
서울특별시 강남구청,서울특별시 강남구 논현로18길 22-8,서울특별시 강남구 개포동 1233-3,생활방범,3,200,360전방면,30,2020-09,02-3423-6772,37.47766,127.04713999999998,2020-02-27,서울수서경찰서
서울특별시 강남구청,서울특별시 강남구 개포동658-3(버스정거장),서울특별시 강남구 개포동658-3,생활방범,3,200,360전방면,30,2020-09,02-3423-6772,37.47546,127.05773,2020-02-27,서울수서경찰서
서울특별시 강남구청,서울특별시 강남구 개포로 223,서울특별시 강남구 개포동 1258-1,생활방범,4,200,360전방면,30,2020-09,02-3423-6772,37.47872,127.0474,2020-02-27,서울수서경찰서
서울특별시 강남구청,서울특별시 강남구 개포로411,서울특별시 강남구 개포동 179,생활방범,3,200,360전방면,30,2020-12,02-3423-6772,37.48735,127.06186000000001,2020-02-27,서울수서경찰서
서울특별시 강남구청,서울특별시 강남구 논현로10길 24,서울특별시 강남구 개포동 1184,생활방범,4,200,360전방면,30,2020-12,02-3423-6772,37.47468,127.05027,2020-02-27,서울수서경찰서
서울특별시 강남구청,서울특별시 강남구 개포로 621,서울특별시 강남구 개포동 14-5,생활방범,3,200,360전방면,30,2020-12,02-3423-6772,37.493559999999995,127.07911999999999,2020-02-27,서울수서경찰서
서울특별시 강남구청,서울특별시 강남구 개포동 648-2,서울특별시 강남구 개포동 648-2,생활방범,1,200,360전방면,30,2020-12,02-3423-6772,37.48718,127.05639,2020-02-27,서울수서경찰서
서울특별시 강남구청,서울특별시 강남구 개포동 1220,서울특별시 강남구 개포동 1220,생활방범,1,200,360전방면,30,2020-12,02-3423-6772,37.47618,127.04906000000001,2020-02-27,서울수서경찰서
서울특별시 강남구청,서울특별시 강남구 개포로31길 48(개포동),서울특별시 강남구 개포동 1267,생활방범,1,200,360전방면,30,2020-12,02-3423-6772,37.48165,127.04933,2020-02-27,서울수서경찰서
서울특별시 강남구청,서울특별시 강남구 개포로25길 32(개포동),서울특별시 강남구 개포동 1266,생활방범,1,200,360전방면,30,2020-12,02-3423-6772,37.48127,127.04672,2020-02-27,서울수서경찰서
서울특별시 강남구청,서울특별시 강남구 선릉로 103 (개포동),서울특별시 강남구 개포동 650 (구룡중학교 입구 주변),교통단속,3,200,360전방면,30,2020-12,02-3423-6772,37.48663,127.05668,2020-02-27,서울수서경찰서
서울특별시 강남구청,서울특별시 강남구 선릉로 36(개포동),서울특별시 강남구 개포동 167-11 (개포1동우체국 주변),교통단속,1,200,360전방면,30,2020-07,02-3423-6772,37.48297,127.0604,2020-02-27,서울수서경찰서
서울특별시 강남구청,,서울특별시 강남구 개포동 186-13 (우리은행 개포역지점 주변),교통단속,3,200,360전방면,30,2020-12,02-3423-6772,37.48915,127.06693999999999,2020-02-27,서울수서경찰서
서울특별시 강남구청,서울특별시 강남구 개포로 512(개포동),서울특별시 강남구 개포동 186-17 (개포2동주민센터 주변),교통단속,1,200,360전방면,30,2020-12,02-3423-6772,37.48945,127.06897,2020-02-27,서울수서경찰서
서울특별시 강남구청,서울특별시 강남구 개포로22길 87(개포동),서울특별시 강남구 개포동 1273 (국악중고등학교 주변),교통단속,1,200,360전방면,30,2020-12,02-3423-6772,37.475229999999996,127.05106,2020-02-27,서울수서경찰서
서울특별시 강남구청,서울특별시 강남구 개포로 224(개포동),서울특별시 강남구 개포동 1231 (KB 개포남지점 주변),교통단속,1,400,360전방면,30,2020-06,02-3423-6772,37.47867,127.04732,2020-02-27,서울수서경찰서
서울특별시 강남구청,서울특별시 강남구 개포로109길 62(개포동),서울특별시 강남구 개포동 13-1 (대진공원옆-LG자이 사잇길),교통단속,1,200,360전방면,30,2020-08,02-3423-6772,37.49487,127.07838999999998,2020-02-27,서울수서경찰서
서울특별시 강남구청,서울특별시 강남구 개포로 410(개포2동),서울특별시 강남구 개포동 155(수도공고 정문),교통단속,1,200,360전방면,30,2020-12,02-3423-6772,37.488459999999996,127.05421000000001,2020-02-27,서울수서경찰서
서울특별시 강남구청,서울특별시 강남구 개포로109길 69,서울특별시 강남구 개포동 12-2,교통단속,1,200,360전방면,30,2020-09,02-3423-6772,37.49565,127.07776000000001,2020-02-27,서울수서경찰서
서울특별시 강남구청,,서울특별시 강남구 도곡동 163-2,생활방범,5,200,360전방면,30,2020-12,02-3423-6772,37.4877,127.04633000000001,2020-02-27,서울수서경찰서
서울특별시 강남구청,,서울특별시 강남구 도곡동 163-5 (도곡공원 담장),생활방범,1,41,360전방면,30,2020-08,02-3423-6772,37.48835,127.04795,2020-02-27,서울수서경찰서
서울특별시 강남구청,,서울특별시 강남구 도곡동 556-38,생활방범,5,200,360전방면,30,2020-12,02-3423-6772,37.48999,127.03728999999998,2020-02-27,서울수서경찰서
서울특별시 강남구청,서울특별시 강남구 도곡로18길 7 (도곡동),서울특별시 강남구 도곡동 548,생활방범,5,200,360전방면,30,2020-09,02-3423-6772,37.49085,127.03822,2020-02-27,서울수서경찰서
서울특별시 강남구청,서울특별시 강남구 도곡로8길 6 (도곡동),서울특별시 강남구 도곡동 553-3,생활방범,4,200,360전방면,30,2020-06,02-3423-6772,37.49006,127.0352,2020-02-27,서울수서경찰서
서울특별시 강남구청,,서울특별시 강남구 도곡동 902-91,생활방범,1,41,360전방면,30,2020-07,02-3423-6772,37.488690000000005,127.03845,2020-02-27,서울수서경찰서
서울특별시 강남구청,,서울특별시 강남구 도곡동 909-8,생활방범,1,200,360전방면,30,2020-08,02-3423-6772,37.48652,127.03918,2020-02-27,서울수서경찰서
서울특별시 강남구청,,서울특별시 강남구 도곡동 914-34,생활방범,3,200,360전방면,30,2020-11,02-3423-6772,37.48599,127.03808000000001,2020-02-27,서울수서경찰서
서울특별시 강남구청,서울특별시 강남구 남부순환로363길 19 (도곡동),서울특별시 강남구 도곡동 922 (언주초 정문),생활방범,1,200,360전방면,30,2020-12,02-3423-6772,37.48652,127.0364,2020-02-27,서울수서경찰서
서울특별시 강남구청,서울특별시 강남구 도곡로4길 6 (도곡동),서울특별시 강남구 도곡동 943-4,생활방범,5,200,360전방면,30,2020-12,02-3423-6772,37.48945,127.03328,2020-02-27,서울수서경찰서
서울특별시 강남구청,서울특별시 강남구 강남대로54길 17 (도곡동),서울특별시 강남구 도곡동 945-14,생활방범,4,200,360전방면,30,2020-11,02-3423-6772,37.48845,127.03403999999999,2020-02-27,서울수서경찰서
서울특별시 강남구청,서울특별시 강남구 강남대로 262 (도곡동),서울특별시 강남구 도곡동 949-3,생활방범,5,200,360전방면,30,2020-12,02-3423-6772,37.48672,127.03391,2020-02-27,서울수서경찰서
서울특별시 강남구청,서울특별시 강남구 남부순환로359길 41 (도곡동),서울특별시 강남구 도곡동 950,생활방범,1,200,360전방면,30,2020-08,02-3423-6772,37.48703,127.03478999999999,2020-02-27,서울수서경찰서
서울특별시 강남구청,서울특별시 강남구 남부순환로 2621 (도곡동),서울특별시 강남구 도곡동 956,생활방범,1,200,360전방면,30,2020-08,02-3423-6772,37.485459999999996,127.03623,2020-02-27,서울수서경찰서
서울특별시 강남구청,,서울특별시 강남구 도곡동 921-9,생활방범,3,200,360전방면,30,2020-06,02-3423-6772,37.48575,127.03697,2020-02-27,서울수서경찰서
서울특별시 강남구청,"서울특별시 강남구 도곡로18길 34 (도곡동, 현대아파트)","서울특별시 강남구 도곡동 961 (현대A 1동, 아이파크A 105동 사잇길)",생활방범,3,200,360전방면,30,2020-06,02-3423-6772,37.48898,127.03781000000001,2020-02-27,서울수서경찰서
서울특별시 강남구청,서울특별시 강남구 도곡로2길 14 (도곡동),서울특별시 강남구 도곡동 946-10,생활방범,1,200,360전방면,30,2020-09,02-3423-6772,37.48883,127.03316000000001,2020-02-27,서울수서경찰서
서울특별시 강남구청,서울특별시 강남구 강남대로44길 20 (도곡동),서울특별시 강남구 도곡동 954-25,생활방범,1,200,360전방면,30,2020-09,02-3423-6772,37.48604,127.03522,2020-02-27,서울수서경찰서
서울특별시 강남구청,서울특별시 강남구 강남대로 240 (도곡동),서울특별시 강남구 도곡동 953-1,생활방범,5,200,360전방면,30,2020-12,02-3423-6772,37.48575,127.03447,2020-02-27,서울수서경찰서
서울특별시 강남구청,서울특별시 강남구 남부순환로373길 44 (도곡동),서울특별시 강남구 도곡동 188,생활방범,4,200,360전방면,30,2020-12,02-3423-6772,37.48853,127.04507,2020-02-27,서울수서경찰서
서울특별시 강남구청,"서울특별시 강남구 남부순환로381길 54 (도곡동, 신성빌리지)",서울특별시 강남구 도곡동 193-71,생활방범,4,200,360전방면,30,2020-12,02-3423-6772,37.48704,127.04446999999999,2020-02-27,서울수서경찰서
서울특별시 강남구청,,서울특별시 강남구 도곡동 944-8,생활방범,1,41,360전방면,30,2020-07,02-3423-6772,37.488609999999994,127.03424,2020-02-27,서울수서경찰서
서울특별시 강남구청,서울특별시 강남구 언주로57길 31 (도곡동),서울특별시 강남구 도곡동 541-2 (도곡중 담장),생활방범,3,200,360전방면,30,2020-11,02-3423-6772,37.492709999999995,127.04413000000001,2020-02-27,서울수서경찰서
서울특별시 강남구청,"서울특별시 강남구 도곡로14길 14-1 (도곡동, 파크힐)",서울특별시 강남구 도곡동 554-5 (싸리고개공원 내 계단),생활방범,4,200,360전방면,30,2020-11,02-3423-6772,37.489909999999995,127.03544,2020-02-27,서울수서경찰서
서울특별시 강남구청,서울특별시 강남구 도곡로6길 18 (도곡동),서울특별시 강남구 도곡동 944-7 (싸리공원 입구),생활방범,3,200,360전방면,30,2020-12,02-3423-6772,37.48883,127.03455,2020-02-27,서울수서경찰서
서울특별시 강남구청,,서울특별시 강남구 도곡동 산29-23 (도곡공원 약수터 내),생활방범,4,200,360전방면,30,2020-11,02-3423-6772,37.48894,127.04721,2020-02-27,서울수서경찰서
서울특별시 강남구청,서울특별시 강남구 도곡로18길 9 (도곡동),서울특별시 강남구 도곡동 548-1 (선우어린이집 앞),생활방범,3,200,360전방면,30,2020-12,02-3423-6772,37.49058,127.03821,2020-02-27,서울수서경찰서
서울특별시 강남구청,"서울특별시 강남구 논현로 218 (도곡동, 삼익아파트)",서울특별시 강남구 도곡동 875-2 (삼익A 2동 옆 공원계단 입구),생활방범,3,200,360전방면,30,2020-01,02-3423-6772,37.4899,127.04168,2020-02-27,서울수서경찰서
서울특별시 강남구청,서울특별시 강남구 남부순환로359길 36 (도곡동),서울특별시 강남구 도곡동 938-10 (은광여고정문 앞),생활방범,4,200,360전방면,30,2020-01,02-3423-6772,37.48728,127.03533999999999,2020-02-27,서울수서경찰서
서울특별시 강남구청,,서울특별시 강남구 도곡동 934-44 (역삼우성A 앞),생활방범,5,200,360전방면,30,2020-01,02-3423-6772,37.48851,127.03751000000001,2020-02-27,서울수서경찰서
서울특별시 강남구청,서울특별시 강남구 남부순환로 2629 (도곡동),서울특별시 강남구 도곡동 959-28 (LG RD 근처),생활방범,1,200,360전방면,30,2020-05,02-3423-6772,37.485170000000004,127.03725,2020-02-27,서울수서경찰서
서울특별시 강남구청,서울특별시 강남구 남부순환로 2629 (도곡동),서울특별시 강남구 도곡동 959-28 (LG RD 근처),생활방범,1,200,360전방면,30,2020-05,02-3423-6772,37.485170000000004,127.03725,2020-02-27,서울수서경찰서
서울특별시 강남구청,"서울특별시 강남구 도곡로14길 14-1 (도곡동, 파크힐)",서울특별시 강남구 도곡동 550 (싸리고개공원입구),생활방범,4,200,360전방면,30,2020-09,02-3423-6772,37.48987,127.03655,2020-02-27,서울수서경찰서
서울특별시 강남구청,서울특별시 강남구 도곡로22길 5 (도곡동),서울특별시 강남구 도곡동 544-13,생활방범,5,200,360전방면,30,2020-09,02-3423-6772,37.49133,127.03962,2020-02-27,서울수서경찰서
서울특별시 강남구청,서울특별시 강남구 강남대로 262 (도곡동),서울특별시 강남구 도곡동 949-3,생활방범,4,200,360전방면,30,2020-02,02-3423-6772,37.48721,127.03365,2020-02-27,서울수서경찰서
서울특별시 강남구청,서울특별시 강남구 도곡로2길 34 (도곡동),서울특별시 강남구 도곡동 948-30,생활방범,4,200,360전방면,30,2020-02,02-3423-6772,37.48788,127.03402,2020-02-27,서울수서경찰서
서울특별시 강남구청,"서울특별시 강남구 남부순환로373길 24 (도곡동, 포레스트빌)",서울특별시 강남구 도곡동 193-29 (포레스트빌A 옆편 삼거리),생활방범,4,200,360전방면,30,2020-08,02-3423-6772,37.48733,127.04373000000001,2020-02-27,서울수서경찰서
서울특별시 강남구청,서울특별시 강남구 남부순환로365길 43 (도곡동),서울특별시 강남구 도곡동 902-1 (경남A 앞),생활방범,4,200,360전방면,30,2020-08,02-3423-6772,37.48834,127.0402,2020-02-27,서울수서경찰서
서울특별시 강남구청,서울특별시 강남구 남부순환로363길 16 (도곡동),서울특별시 강남구 도곡동 902-2 (언주초 정문 맞은편),생활방범,4,200,360전방면,30,2020-08,02-3423-6772,37.48649,127.03799,2020-02-27,서울수서경찰서
서울특별시 강남구청,서울특별시 강남구 남부순환로357길 6 (도곡동),서울특별시 강남구 도곡동 193-42,생활방범,4,200,360전방면,30,2020-12,02-3423-6772,37.4864,127.04446000000002,2020-02-27,서울수서경찰서
서울특별시 강남구청,서울특별시 강남구 도곡동 967-4 (도곡동),서울특별시 강남구 도곡동 963 (역삼럭키A 101동 코너),생활방범,3,200,360전방면,30,2020-06,02-3423-6772,37.48961,127.04143,2020-02-27,서울수서경찰서
서울특별시 강남구청,서울특별시 강남구 남부순환로375길 9 (도곡동),서울특별시 강남구 도곡동 200-22,생활방범,4,400,360전방면,30,2020-07,02-3423-6772,37.486709999999995,127.04421,2020-02-27,서울수서경찰서
서울특별시 강남구청,서울특별시 강남구 남부순환로363길 9-4 (도곡동),서울특별시 강남구 도곡동 919-7,생활방범,3,400,360전방면,30,2020-07,02-3423-6772,37.48571,127.0379,2020-02-27,서울수서경찰서
서울특별시 강남구청,서울특별시 강남구 언주로 203 (도곡동),서울특별시 강남구 도곡동 966 (매봉삼성@ 후문입구),생활방범,4,400,360전방면,30,2020-07,02-3423-6772,37.48905,127.04933,2020-02-27,서울수서경찰서
서울특별시 강남구청,,서울특별시 강남구 도곡동 199-5,생활방범,4,400,360전방면,30,2020-07,02-3423-6772,37.48608,127.04372,2020-02-27,서울수서경찰서
서울특별시 강남구청,서울특별시 강남구 남부순환로363길 12-21 (도곡동),서울특별시 강남구 도곡동 902-75,생활방범,3,200,360전방면,30,2020-12,02-3423-6772,37.48675,127.03825,2020-02-27,서울수서경찰서
서울특별시 강남구청,서울특별시 강남구 남부순환로 2743 (도곡동),서울특별시 강남구 도곡동 180-1,생활방범,4,200,360전방면,30,2020-12,02-3423-6772,37.48724,127.0455,2020-02-27,서울수서경찰서
서울특별시 강남구청,서울특별시 강남구 도곡로 112(도곡동),서울특별시 강남구 도곡동 943-7,생활방범,4,200,360전방면,30,2020-12,02-3423-6772,37.48932,127.0328,2020-02-27,서울수서경찰서
서울특별시 강남구청,서울특별시 강남구 남부순환로370길 9 (도곡동),서울특별시 강남구 도곡동 412-14,생활방범,4,200,360전방면,30,2020-06,02-3423-6772,37.48482,127.04234,2020-02-27,서울수서경찰서
서울특별시 강남구청,,서울특별시 강남구 도곡동 310 (대도초 정문),생활방범,3,200,360전방면,30,2020-07,02-3423-6772,37.492309999999996,127.05455,2020-02-27,서울수서경찰서
서울특별시 강남구청,,서울특별시 강남구 도곡동 415-3,생활방범,1,200,360전방면,30,2020-09,02-3423-6772,37.48482,127.04467,2020-02-27,서울수서경찰서
서울특별시 강남구청,서울특별시 강남구 논현로26길 28 (도곡동),서울특별시 강남구 도곡동 452,생활방범,4,200,360전방면,30,2020-12,02-3423-6772,37.48314,127.04482,2020-02-27,서울수서경찰서
서울특별시 강남구청,서울특별시 강남구 양재천로 199 (도곡동),서울특별시 강남구 도곡동 459-4,생활방범,4,200,360전방면,30,2020-06,02-3423-6772,37.48305,127.0466,2020-02-27,서울수서경찰서
서울특별시 강남구청,서울특별시 강남구 남부순환로378길 29 (도곡동),서울특별시 강남구 도곡동 461 (독골공원 입구),생활방범,4,200,360전방면,30,2020-12,02-3423-6772,37.48515,127.04624,2020-02-27,서울수서경찰서
서울특별시 강남구청,서울특별시 강남구 논현로 144 (도곡동),서울특별시 강남구 도곡동 518-13,생활방범,3,200,360전방면,30,2020-12,02-3423-6772,37.48261,127.04266000000001,2020-02-27,서울수서경찰서
서울특별시 강남구청,서울특별시 강남구 논현로26길 22 (도곡동),서울특별시 강남구 도곡동 451-2,생활방범,1,200,360전방면,30,2020-09,02-3423-6772,37.48256,127.04473999999999,2020-02-27,서울수서경찰서
서울특별시 강남구청,"서울특별시 강남구 논현로26길 42-8 (도곡동, 예원아트빌)",서울특별시 강남구 도곡동 456-3,생활방범,1,200,360전방면,30,2020-09,02-3423-6772,37.48324,127.04586,2020-02-27,서울수서경찰서
서울특별시 강남구청,서울특별시 강남구 양재천로 199 (도곡동),서울특별시 강남구 도곡동 459-4 (강남구수도사업소 주차장),생활방범,1,200,360전방면,30,2020-09,02-3423-6772,37.48318,127.04753999999998,2020-02-27,서울수서경찰서
서울특별시 강남구청,서울특별시 강남구 논현로34길 32 (도곡동),서울특별시 강남구 도곡동 414-15,생활방범,1,200,360전방면,30,2020-09,02-3423-6772,37.4845,127.0446,2020-02-27,서울수서경찰서
서울특별시 강남구청,서울특별시 강남구 선릉로 217 (도곡동),서울특별시 강남구 도곡동 527-6 (도곡어린이집 앞),생활방범,3,200,360전방면,30,2020-01,02-3423-6772,37.49426,127.05373,2020-02-27,서울수서경찰서
서울특별시 강남구청,서울특별시 강남구 논현로30길 25 (도곡동),서울특별시 강남구 도곡동 515-12 (성아어린이집 앞),생활방범,3,200,360전방면,30,2020-01,02-3423-6772,37.48422,127.04383999999999,2020-02-27,서울수서경찰서
서울특별시 강남구청,서울특별시 강남구 논현로26길 34 (도곡동),서울특별시 강남구 도곡동 455 (도곡까치공원 내),생활방범,3,200,360전방면,30,2020-01,02-3423-6772,37.482820000000004,127.04513999999999,2020-02-27,서울수서경찰서
서울특별시 강남구청,"서울특별시 강남구 남부순환로370길 21 (도곡동, 도곡현대연립)",서울특별시 강남구 도곡동 516-1 (현대맨션 앞),생활방범,5,200,360전방면,30,2020-02,02-3423-6772,37.48395,127.04276999999999,2020-02-27,서울수서경찰서
서울특별시 강남구청,서울특별시 강남구 논현로26길 10 (도곡동),서울특별시 강남구 도곡동 449,생활방범,5,200,360전방면,30,2020-09,02-3423-6772,37.48212,127.04387,2020-02-27,서울수서경찰서
서울특별시 강남구청,서울특별시 강남구 남부순환로378길 29 (도곡동),서울특별시 강남구 도곡동 461 (독골공원 시계탑 옆),생활방범,4,200,360전방면,30,2020-09,02-3423-6772,37.48472,127.04656000000001,2020-02-27,서울수서경찰서
서울특별시 강남구청,서울특별시 강남구 남부순환로370길 13 (도곡동),서울특별시 강남구 도곡동 413-13,생활방범,4,200,360전방면,30,2020-09,02-3423-6772,37.4845,127.04247,2020-02-27,서울수서경찰서
서울특별시 강남구청,서울특별시 강남구 남부순환로378길 34-9 (도곡동),서울특별시 강남구 도곡동 459,생활방범,4,200,360전방면,30,2020-02,02-3423-6772,37.48379,127.04607,2020-02-27,서울수서경찰서
서울특별시 강남구청,서울특별시 강남구 양재천로 163 (도곡동),서울특별시 강남구 도곡동 448-2,생활방범,5,200,360전방면,30,2020-02,02-3423-6772,37.48165,127.04428,2020-02-27,서울수서경찰서
서울특별시 강남구청,서울특별시 강남구 양재천로 181 (도곡동),서울특별시 강남구 도곡동 454,생활방범,5,200,360전방면,30,2020-08,02-3423-6772,37.482409999999994,127.04551000000001,2020-02-27,서울수서경찰서
서울특별시 강남구청,서울특별시 강남구 논현로30길 47 (도곡동),서울특별시 강남구 도곡동 418-4,생활방범,4,200,360전방면,30,2020-08,02-3423-6772,37.485040000000005,127.04558999999999,2020-02-27,서울수서경찰서
서울특별시 강남구청,,서울특별시 강남구 도곡동 산6-18 (도곡공원 원형광장 옆),생활방범,4,200,360전방면,30,2020-11,02-3423-6772,37.49095,127.0488,2020-02-27,서울수서경찰서
서울특별시 강남구청,서울특별시 강남구 논현로28길 25 (도곡동),서울특별시 강남구 도곡동 515-13,생활방범,4,200,360전방면,30,2020-12,02-3423-6772,37.4835,127.04364,2020-02-27,서울수서경찰서
서울특별시 강남구청,서울특별시 강남구 언주로30길 56 (도곡동),서울특별시 강남구 도곡동 467 (타워팰리스1차앞 도로),생활방범,3,400,360전방면,30,2020-07,02-3423-6772,37.48856,127.05371000000001,2020-02-27,서울수서경찰서
서울특별시 강남구청,서울특별시 강남구 언주로30길 26 (도곡동),서울특별시 강남구 도곡동 467-29 (타워팰리스3차앞 화단),생활방범,3,400,360전방면,30,2020-07,02-3423-6772,37.48723,127.05225,2020-02-27,서울수서경찰서
서울특별시 강남구청,서울특별시 강남구 남부순환로378길 8(도곡동),서울특별시 강남구 도곡동 419,생활방범,3,200,360전방면,30,2020-12,02-3423-6772,37.48578,127.0455,2020-02-27,서울수서경찰서
서울특별시 강남구청,서울특별시 강남구 남부순환로 지하 2814(도곡동),서울특별시 강남구 도곡동 339-2(도곡역 2번출구),생활방범,5,200,360전방면,30,2020-06,02-3423-6772,37.4912,127.05547,2020-02-27,서울수서경찰서
서울특별시 강남구청,"서울특별시 강남구 남부순환로377길 25(도곡동, 현대파크빌라)",서울특별시 강남구 도곡동 192-2,생활방범,4,200,360전방면,30,2020-06,02-3423-6772,37.4878,127.04463999999999,2020-02-27,서울수서경찰서
서울특별시 강남구청,,서울특별시 강남구 도곡동 540(강남세브란스병원 뒤),생활방범,5,200,360전방면,30,2020-06,02-3423-6772,37.49313,127.04531000000001,2020-02-27,서울수서경찰서
서울특별시 강남구청,서울특별시 강남구 남부순환로378길 29(도곡동),서울특별시 강남구 도곡동 461(독골근린공원 내 놀이터),생활방범,5,200,360전방면,30,2020-06,02-3423-6772,37.485209999999995,127.04755,2020-02-27,서울수서경찰서
서울특별시 강남구청,,서울특별시 강남구 도곡동 467-17(군인공제회 앞),생활방범,3,200,360전방면,30,2020-06,02-3423-6772,37.48907,127.0535,2020-02-27,서울수서경찰서
서울특별시 강남구청,서울특별시 강남구 논현로 172(도곡동),서울특별시 강남구 도곡동 410-9,생활방범,4,200,360전방면,30,2020-06,02-3423-6772,37.48505,127.04183,2020-02-27,서울수서경찰서
서울특별시 강남구청,"서울특별시 강남구 남부순환로373길 3(도곡동, 도곡지웰카운티)",서울특별시 강남구 도곡동 199-4(도곡지웰카운티),생활방범,5,200,360전방면,30,2020-06,02-3423-6772,37.48663,127.04337,2020-02-27,서울수서경찰서
서울특별시 강남구청,,서울특별시 강남구 도곡동 산54-1 (양재전화국 교차로),생활방범,4,200,360전방면,30,2020-06,02-3423-6772,37.48579,127.04157,2020-02-27,서울수서경찰서
서울특별시 강남구청,서울특별시 강남구 남부순환로355길 30(도곡동),서울특별시 강남구 도곡동 950-11,생활방범,4,200,360전방면,30,2020-12,02-3423-6772,37.48664,127.03521,2020-02-27,서울수서경찰서
서울특별시 강남구청,서울특별시 강남구 도곡동 145-33,서울특별시 강남구 도곡동 145-33,생활방범,3,200,360전방면,30,2020-12,02-3423-6772,37.4934,127.04715,2020-02-27,서울수서경찰서
서울특별시 강남구청,서울특별시 강남구 언주로30길 27(도곡동),서울특별시 강남구 도곡동 467-10,생활방범,5,200,360전방면,30,2020-12,02-3423-6772,37.48835,127.05283999999999,2020-02-27,서울수서경찰서
서울특별시 강남구청,서울특별시 강남구 강남대로54길 6,서울특별시 강남구 도곡동 949-1,생활방범,4,200,360전방면,30,2020-07,02-3423-6772,37.48819,127.03316000000001,2020-02-27,서울수서경찰서
서울특별시 강남구청,서울특별시 강남구 도곡로 242,서울특별시 강남구 도곡동 540,생활방범,4,200,360전방면,30,2020-07,02-3423-6772,37.4936,127.04688,2020-02-27,서울수서경찰서
서울특별시 강남구청,서울특별시 강남구 도곡로 320,서울특별시 강남구 도곡동 538,생활방범,4,200,360전방면,30,2020-07,02-3423-6772,37.49592,127.05214,2020-02-27,서울수서경찰서
서울특별시 강남구청,서울특별시 강남구 언주로 123,서울특별시 강남구 도곡동 464,생활방범,3,200,360전방면,30,2020-07,02-3423-6772,37.48744,127.05022,2020-02-27,서울수서경찰서
서울특별시 강남구청,,서울특별시 강남구 도곡동 466-4,생활방범,5,200,360전방면,30,2020-07,02-3423-6772,37.489509999999996,127.05568999999998,2020-02-27,서울수서경찰서
서울특별시 강남구청,,서울특별시 강남구 도곡동 468,생활방범,4,200,360전방면,30,2020-07,02-3423-6772,37.483129999999996,127.04806,2020-02-27,서울수서경찰서
서울특별시 강남구청,,서울특별시 강남구 도곡동 468,생활방범,4,200,360전방면,30,2020-07,02-3423-6772,37.4853,127.05147,2020-02-27,서울수서경찰서
서울특별시 강남구청,,서울특별시 강남구 도곡동 415-3,생활방범,4,200,360전방면,30,2020-07,02-3423-6772,37.48502,127.04411999999999,2020-02-27,서울수서경찰서
서울특별시 강남구청,서울특별시 강남구 도곡로 306,서울특별시 강남구 도곡동 539-5,생활방범,5,200,360전방면,30,2020-11,02-3423-6772,37.49414,127.04711999999999,2020-02-27,서울수서경찰서
서울특별시 강남구청,서울특별시 강남구 남부순환로 2629,서울특별시 강남구 도곡동 959-27,생활방범,4,200,360전방면,30,2020-11,02-3423-6772,37.4854,127.03743,2020-02-27,서울수서경찰서
서울특별시 강남구청,,서울특별시 강남구 도곡동 467-2,생활방범,3,200,360전방면,30,2020-11,02-3423-6772,37.48916,127.05171999999999,2020-02-27,서울수서경찰서
서울특별시 강남구청,서울특별시 강남구 도곡동 884-26,서울특별시 강남구 도곡동 884-26,생활방범,4,200,360전방면,30,2020-09,02-3423-6772,37.4895,127.03833999999999,2020-02-27,서울수서경찰서
서울특별시 강남구청,서울특별시 강남구 남부순환로359길 27,서울특별시 강남구 도곡동 950-8,생활방범,5,200,360전방면,30,2020-09,02-3423-6772,37.48642,127.03595,2020-02-27,서울수서경찰서
서울특별시 강남구청,서울특별시 강남구 논현로26길49 세구빌라,서울특별시 강남구 도곡동 422-9,생활방범,5,200,360전방면,30,2020-09,02-3423-6772,37.48406,127.04578000000001,2020-02-27,서울수서경찰서
서울특별시 강남구청,서울특별시 강남구 남부순환로 2803(도곡동 삼성래미안 108동~110동사이 매봉산 산책길 진입로),서울특별시 강남구 도곡동 91-5,생활방범,3,200,360전방면,30,2020-09,02-3423-6772,37.4906,127.05058000000001,2020-02-27,서울수서경찰서
서울특별시 강남구청,서울특별시 강남구 언주로 30길21(아카데미 스위트~우리은행 이면도로),서울특별시 강남구 도곡동 467-7,생활방범,3,200,360전방면,30,2020-09,02-3423-6772,37.488459999999996,127.05167,2020-02-27,서울수서경찰서
서울특별시 강남구청,서울특별시 강남구 도곡로156,서울특별시 강남구 도곡동 546-11,생활방범,5,200,360전방면,30,2020-12,02-3423-6772,37.49058,127.03702,2020-02-27,서울수서경찰서
서울특별시 강남구청,서울특별시 강남구 선릉로217,서울특별시 강남구 도곡동 527-6,생활방범,4,200,360전방면,30,2020-12,02-3423-6772,37.495670000000004,127.05295,2020-02-27,서울수서경찰서
서울특별시 강남구청,서울특별시 강남구 남부순환로2807,서울특별시 강남구 도곡동 9,생활방범,3,200,360전방면,30,2020-12,02-3423-6772,37.490109999999994,127.05318999999999,2020-02-27,서울수서경찰서
서울특별시 강남구청,서울특별시 강남구 도곡로18길 59(도곡동),서울특별시 강남구 도곡동 893-10,생활방범,1,200,360전방면,30,2020-12,02-3423-6772,37.48808,127.03935,2020-02-27,서울수서경찰서
서울특별시 강남구청,"서울특별시 강남구 논현로51길 25(도곡동, 현대그린아파트)",서울특별시 강남구 도곡동 964,생활방범,1,200,360전방면,30,2020-12,02-3423-6772,37.48917,127.04001000000001,2020-02-27,서울수서경찰서
서울특별시 강남구청,"서울특별시 강남구 논현로 209(도곡동, 경남아파트)",서울특별시 강남구 도곡동 967-1 (도곡경남아파트 주변),교통단속,1,200,360전방면,30,2020-08,02-3423-6772,37.489309999999996,127.04135,2020-02-27,서울수서경찰서
서울특별시 강남구청,서울특별시 강남구 남부순환로 2629(도곡동),서울특별시 강남구 도곡동 959-28 (은광여고입구 주변),교통단속,1,200,360전방면,30,2020-07,02-3423-6772,37.485170000000004,127.03725,2020-02-27,서울수서경찰서
서울특별시 강남구청,,서울특별시 강남구 도곡동 909-8,교통단속,1,200,360전방면,30,2020-08,02-3423-6772,37.48668,127.03931000000001,2020-02-27,서울수서경찰서
서울특별시 강남구청,서울특별시 강남구 언주로 201(도곡동),서울특별시 강남구 도곡동 168 (SK리더스뷰오피스텔 주변),교통단속,3,200,360전방면,30,2020-07,02-3423-6772,37.48793,127.0484,2020-02-27,서울수서경찰서
서울특별시 강남구청,서울특별시 강남구 남부순환로363길 16 (도곡동),서울특별시 강남구 도곡동 902-2 (언주초 정문 주변),교통단속,1,200,360전방면,30,2020-12,02-3423-6772,37.48649,127.03799,2020-02-27,서울수서경찰서
서울특별시 강남구청,"서울특별시 강남구 언주로30길 13(도곡동, 대림아크로빌, 대림아크로텔)",서울특별시 강남구 도곡동 467-6 (대림아크로빌 주변),교통단속,1,200,360전방면,30,2020-12,02-3423-6772,37.48785,127.05171999999999,2020-02-27,서울수서경찰서
서울특별시 강남구청,"서울특별시 강남구 언주로30길 56(도곡동, 타워팰리스)",서울특별시 강남구 도곡동 467 (타워팰리스D동 주변),교통단속,1,200,360전방면,30,2020-06,02-3423-6772,37.48856,127.05371000000001,2020-02-27,서울수서경찰서
서울특별시 강남구청,"서울특별시 강남구 언주로 117(도곡동, 우성4차아파트)",서울특별시 강남구 도곡동 465 (개포우성4차A상가 주변),교통단속,1,200,360전방면,30,2020-07,02-3423-6772,37.48628,127.05073,2020-02-27,서울수서경찰서
서울특별시 강남구청,"서울특별시 강남구 언주로30길 26(도곡동, 타워팰리스)",서울특별시 강남구 도곡동 467-29 (타워팰리스G동 주변),교통단속,1,200,360전방면,30,2020-07,02-3423-6772,37.48772,127.05316,2020-02-27,서울수서경찰서
서울특별시 강남구청,,서울특별시 강남구 도곡동 527-5 (도곡렉슬아파트 주변),교통단속,1,200,360전방면,30,2020-09,02-3423-6772,37.49483,127.05345,2020-02-27,서울수서경찰서
서울특별시 강남구청,"서울특별시 강남구 언주로30길 57(도곡동, 타워팰리스)",서울특별시 강남구 도곡동 467-17 (타워팰리스F동 주변),교통단속,1,200,360전방면,30,2020-09,02-3423-6772,37.489340000000006,127.055,2020-02-27,서울수서경찰서
서울특별시 강남구청,,서울특별시 강남구 도곡동 462-8 (로덴하우스 주변),교통단속,1,200,360전방면,30,2020-07,02-3423-6772,37.485620000000004,127.04605,2020-02-27,서울수서경찰서
서울특별시 강남구청,서울특별시 강남구 언주로30길 26 (도곡동),서울특별시 강남구 도곡동 467-29 (타워팰리스3차 주변),교통단속,1,200,360전방면,30,2020-06,02-3423-6772,37.48723,127.05225,2020-02-27,서울수서경찰서
서울특별시 강남구청,서울특별시 강남구 강남대로 240(도곡동),서울특별시 강남구 도곡동 953-1 (양재SK허브프리모빌딩 주변),교통단속,1,200,360전방면,30,2020-06,02-3423-6772,37.485279999999996,127.03463,2020-02-27,서울수서경찰서
서울특별시 강남구청,서울특별시 강남구 남부순환로363길 30,서울특별시 강남구 도곡동 933,교통단속,1,200,360전방면,30,2020-07,02-3423-6772,37.48725,127.03781000000001,2020-02-27,서울수서경찰서
서울특별시 강남구청,서울특별시 강남구 숙명여자고등학교 정문 앞 ~ 도곡역 1번 출구(남부순환로 2807),서울특별시 강남구 도곡동 339,교통단속,1,200,360전방면,30,2020-09,02-3423-6772,37.490520000000004,127.0541,2020-02-27,서울수서경찰서
서울특별시 강남구청,서울특별시 강남구 도곡동 944-8,서울특별시 강남구 도곡동 944-8,교통단속,1,200,360전방면,30,2020-12,02-3423-6772,37.48867,127.03428000000001,2020-02-27,서울수서경찰서
서울특별시 강남구청,,서울특별시 강남구 수서동 707-3 (수서삼익A 112동 뒤편 농구장),생활방범,5,200,360전방면,30,2020-06,02-3423-6772,37.49243,127.0996,2020-02-27,서울수서경찰서
서울특별시 강남구청,서울특별시 강남구 광평로46길 7 (수서동),서울특별시 강남구 수서동 450-8,생활방범,4,200,360전방면,30,2020-06,02-3423-6772,37.48577,127.09928000000001,2020-02-27,서울수서경찰서
서울특별시 강남구청,서울특별시 강남구 광평로 226-5 (수서동),서울특별시 강남구 수서동 464-2,생활방범,1,200,360전방면,30,2020-09,02-3423-6772,37.48495,127.09788,2020-02-27,서울수서경찰서
서울특별시 강남구청,서울특별시 강남구 광평로42길 11 (수서동),서울특별시 강남구 수서동 450-19,생활방범,4,200,360전방면,30,2020-12,02-3423-6772,37.4853,127.09913,2020-02-27,서울수서경찰서
서울특별시 강남구청,서울특별시 강남구 광평로46길 26 (수서동),서울특별시 강남구 수서동 475-6,생활방범,3,200,360전방면,30,2020-06,02-3423-6772,37.48486,127.10013000000001,2020-02-27,서울수서경찰서
서울특별시 강남구청,,서울특별시 강남구 수서동 723-1 (수서개나리공원 내),생활방범,4,200,360전방면,30,2020-12,02-3423-6772,37.4875,127.10541,2020-02-27,서울수서경찰서
서울특별시 강남구청,,서울특별시 강남구 수서동 708-1 (동부간선도로 담장),생활방범,3,200,360전방면,30,2020-06,02-3423-6772,37.491640000000004,127.1023,2020-02-27,서울수서경찰서
서울특별시 강남구청,서울특별시 강남구 광평로51길 46 (수서동),"서울특별시 강남구 수서동 709 (수서초중, 세종고 담장)",생활방범,4,200,360전방면,30,2020-12,02-3423-6772,37.490190000000005,127.10143000000001,2020-02-27,서울수서경찰서
서울특별시 강남구청,,서울특별시 강남구 수서동 720 (수서중 뒤편 동부간선도로 담장),생활방범,3,200,360전방면,30,2020-06,02-3423-6772,37.49073,127.10393,2020-02-27,서울수서경찰서
서울특별시 강남구청,,서울특별시 강남구 수서동 214-9,생활방범,1,41,360전방면,30,2020-02,02-3423-6772,37.486470000000004,127.1045,2020-02-27,서울수서경찰서
서울특별시 강남구청,서울특별시 강남구 광평로39길 84 (수서동),서울특별시 강남구 수서동 731,생활방범,1,41,360전방면,30,2020-07,02-3423-6772,37.49071,127.09753,2020-02-27,서울수서경찰서
서울특별시 강남구청,서울특별시 강남구 광평로47길 28 (수서동),서울특별시 강남구 수서동 734 (KT수서점 정문),생활방범,3,200,360전방면,30,2020-07,02-3423-6772,37.48809,127.09878,2020-02-27,서울수서경찰서
서울특별시 강남구청,,서울특별시 강남구 수서동 737 (신동아A 702동 담장 건너),생활방범,1,41,360전방면,30,2020-07,02-3423-6772,37.487559999999995,127.09753,2020-02-27,서울수서경찰서
서울특별시 강남구청,,서울특별시 강남구 수서동 707-4 (수서삼익A 404동 옆쪽 출구),생활방범,1,200,360전방면,30,2020-04,02-3423-6772,37.4895,127.09968,2020-02-27,서울수서경찰서
서울특별시 강남구청,,서울특별시 강남구 수서동 447-2,생활방범,1,200,360전방면,30,2020-04,02-3423-6772,37.48641,127.09951000000001,2020-02-27,서울수서경찰서
서울특별시 강남구청,,서울특별시 강남구 수서동 224-6 (수서차량사업소 진입로),생활방범,1,200,360전방면,30,2020-04,02-3423-6772,37.486340000000006,127.10688,2020-02-27,서울수서경찰서
서울특별시 강남구청,,서울특별시 강남구 수서동 224-9 (분당-수서간 고속화도로 담장),생활방범,3,200,360전방면,30,2020-12,02-3423-6772,37.486340000000006,127.10766000000001,2020-02-27,서울수서경찰서
서울특별시 강남구청,,서울특별시 강남구 수서동 490-17,생활방범,3,200,360전방면,30,2020-12,02-3423-6772,37.48458,127.09732,2020-02-27,서울수서경찰서
서울특별시 강남구청,,서울특별시 강남구 수서동 722 (탄천공원 내),생활방범,4,200,360전방면,30,2020-11,02-3423-6772,37.48748,127.10641000000001,2020-02-27,서울수서경찰서
서울특별시 강남구청,서울특별시 강남구 광평로 242 (수서동),서울특별시 강남구 수서동 450-2 (수서어린이집 앞),생활방범,3,200,360전방면,30,2020-12,02-3423-6772,37.4861,127.09893000000001,2020-02-27,서울수서경찰서
서울특별시 강남구청,서울특별시 강남구 광평로51길 46 (수서동),서울특별시 강남구 수서동 709 (수서초 후문),생활방범,4,200,360전방면,30,2020-01,02-3423-6772,37.4912,127.10098,2020-02-27,서울수서경찰서
서울특별시 강남구청,,서울특별시 강남구 수서동 707-4 (세종고교버스정류장 옆),생활방범,3,200,360전방면,30,2020-09,02-3423-6772,37.48842,127.10035,2020-02-27,서울수서경찰서
서울특별시 강남구청,,서울특별시 강남구 수서동 727,생활방범,4,200,360전방면,30,2020-09,02-3423-6772,37.48662,127.10223,2020-02-27,서울수서경찰서
서울특별시 강남구청,,서울특별시 강남구 수서동 707-4,생활방범,3,200,360전방면,30,2020-08,02-3423-6772,37.48812,127.10076000000001,2020-02-27,서울수서경찰서
서울특별시 강남구청,,서울특별시 강남구 수서동 722 (수서6단지A 603동 뒤편 탄천공원 내),생활방범,4,200,360전방면,30,2020-08,02-3423-6772,37.48811,127.1058,2020-02-27,서울수서경찰서
서울특별시 강남구청,,서울특별시 강남구 수서동 446-3,생활방범,3,200,360전방면,30,2020-12,02-3423-6772,37.486670000000004,127.09998999999999,2020-02-27,서울수서경찰서
서울특별시 강남구청,서울특별시 강남구 광평로47길 17,서울특별시 강남구 수서동 736 (성지교회 옆 공터),생활방범,3,200,360전방면,30,2020-06,02-3423-6772,37.48675,127.09722,2020-02-27,서울수서경찰서
서울특별시 강남구청,서울특별시 강남구 밤고개로1길 52,서울특별시 강남구 수서동 718 (육교아래 횡단보도),생활방범,4,400,360전방면,30,2020-07,02-3423-6772,37.4886,127.10581,2020-02-27,서울수서경찰서
서울특별시 강남구청,서울특별시 강남구 광평로 280,서울특별시 강남구 수서동 724 (수서역4번출구 앞),생활방범,3,400,360전방면,30,2020-07,02-3423-6772,37.48689,127.10268,2020-02-27,서울수서경찰서
서울특별시 강남구청,,서울특별시 강남구 수서동 743-2 (광평대군묘역 담장),생활방범,1,41,360전방면,30,2020-07,02-3423-6772,37.48553,127.09102,2020-02-27,서울수서경찰서
서울특별시 강남구청,서울특별시 강남구 광평로31길 6-6 (수서동),서울특별시 강남구 수서동 742-12,생활방범,3,200,360전방면,30,2020-06,02-3423-6772,37.485209999999995,127.09303999999999,2020-02-27,서울수서경찰서
서울특별시 강남구청,"서울특별시 강남구 광평로31길 27 (수서동, 삼성아파트)",서울특별시 강남구 수서동 747 (삼성A 102동 앞),생활방범,3,200,360전방면,30,2020-06,02-3423-6772,37.484120000000004,127.08938,2020-02-27,서울수서경찰서
서울특별시 강남구청,서울특별시 강남구 광평로20길 17 (수서동),서울특별시 강남구 수서동 750-1,생활방범,3,200,360전방면,30,2020-11,02-3423-6772,37.48232,127.08701,2020-02-27,서울수서경찰서
서울특별시 강남구청,,서울특별시 강남구 수서동 746-1 (일원새싹공원 내),생활방범,3,200,360전방면,30,2020-09,02-3423-6772,37.48458,127.08904,2020-02-27,서울수서경찰서
서울특별시 강남구청,,서울특별시 강남구 수서동 596,생활방범,4,200,360전방면,30,2020-06,02-3423-6772,37.48427,127.09461,2020-02-27,서울수서경찰서
서울특별시 강남구청,"서울특별시 강남구 광평로34길 55(수서동, 강남데시앙포레아파트)",서울특별시 강남구 수서동 559 (강남데시앙포레 112동 맞은편 도로 ),생활방범,4,200,360전방면,30,2020-12,02-3423-6772,37.48211,127.09045,2020-02-27,서울수서경찰서
서울특별시 강남구청,,서울특별시 강남구 수서동 산 8-1 (데시앙포레 108동 뒤산길),생활방범,3,400,360전방면,30,2020-07,02-3423-6772,37.48253,127.08838999999999,2020-02-27,서울수서경찰서
서울특별시 강남구청,서울특별시 강남구 광평로31길 66,서울특별시 강남구 수서동 745-2 (건너편),생활방범,3,400,360전방면,30,2020-07,02-3423-6772,37.485490000000006,127.0874,2020-02-27,서울수서경찰서
서울특별시 강남구청,"서울특별시 강남구 광평로34길 55(수서동, 강남데시앙포레아파트)",서울특별시 강남구 수서동 559(데시앙포레@ 112동 앞 등산로),생활방범,3,200,360전방면,30,2020-06,02-3423-6772,37.480270000000004,127.09163000000001,2020-02-27,서울수서경찰서
서울특별시 강남구청,서울특별시 강남구 광평로34길 124(수서동),서울특별시 강남구 수서동 572,생활방범,4,200,360전방면,30,2020-06,02-3423-6772,37.480920000000005,127.08832,2020-02-27,서울수서경찰서
서울특별시 강남구청,서울특별시 강남구 광평로 지하 270(수서동),서울특별시 강남구 수서동 728(수서역 2~3번 출구),생활방범,3,200,360전방면,30,2020-06,02-3423-6772,37.487590000000004,127.10185,2020-02-27,서울수서경찰서
서울특별시 강남구청,,서울특별시 강남구 수서동 199-3(SRT 주차장입구),생활방범,3,200,360전방면,30,2020-06,02-3423-6772,37.48588,127.10625,2020-02-27,서울수서경찰서
서울특별시 강남구청,서울특별시 강남구 양재대로 781(수서동),서울특별시 강남구 수서동 752(한국지역난방공사 정문 앞),생활방범,3,200,360전방면,30,2020-06,02-3423-6772,37.492329999999995,127.09438,2020-02-27,서울수서경찰서
서울특별시 강남구청,서울특별시 강남구 양재대로 781(수서동),서울특별시 강남구 수서동 752(북단 육교엘리베이터 앞),생활방범,3,200,360전방면,30,2020-06,02-3423-6772,37.49256,127.09568,2020-02-27,서울수서경찰서
서울특별시 강남구청,"서울특별시 강남구 광평로34길 35(수서동, 강남더샵포레스트아파트)",서울특별시 강남구 수서동 590 (그린프라자 옆),생활방범,3,200,360전방면,30,2020-06,02-3423-6772,37.482459999999996,127.09459,2020-02-27,서울수서경찰서
서울특별시 강남구청,"서울특별시 강남구 광평로51길 49(수서동, 주공아파트)",서울특별시 강남구 수서동 707(수서주공1단지 109동 뒤),생활방범,3,200,360전방면,30,2020-06,02-3423-6772,37.49131,127.09896,2020-02-27,서울수서경찰서
서울특별시 강남구청,서울특별시 강남구 수서동 579-4,서울특별시 강남구 수서동 579-4(105동 건너편),생활방범,3,200,360전방면,30,2020-12,02-3423-6772,37.48191,127.08975,2020-02-27,서울수서경찰서
서울특별시 강남구청,서울특별시 강남구 수서동 713-1,서울특별시 강남구 수서동 713-1 (수서역 2번출구 앞),생활방범,4,200,360전방면,30,2020-12,02-3423-6772,37.48766,127.10131000000001,2020-02-27,서울수서경찰서
서울특별시 강남구청,서울특별시 강남구 남부순환로 3318(수서동),서울특별시 강남구 일원동 4-1,생활방범,3,200,360전방면,30,2020-12,02-3423-6772,37.49524,127.09281000000001,2020-02-27,서울수서경찰서
서울특별시 강남구청,서울특별시 강남구 수서동 729-1,서울특별시 강남구 수서동 729-1(안디옥교회인근),생활방범,3,200,360전방면,30,2020-12,02-3423-6772,37.489709999999995,127.09861000000001,2020-02-27,서울수서경찰서
서울특별시 강남구청,서울특별시 강남구 광평로20길 7,서울특별시 강남구 수서동 750,생활방범,5,200,360전방면,30,2020-07,02-3423-6772,37.4836,127.08668999999999,2020-02-27,서울수서경찰서
서울특별시 강남구청,서울특별시 강남구 광평로56길 11,서울특별시 강남구 수서동 723,생활방범,4,200,360전방면,30,2020-07,02-3423-6772,37.48707,127.10413999999999,2020-02-27,서울수서경찰서
서울특별시 강남구청,서울특별시 강남구 광평로51길 49,서울특별시 강남구 수서동 707-1,생활방범,3,200,360전방면,30,2020-07,02-3423-6772,37.49111,127.09971999999999,2020-02-27,서울수서경찰서
서울특별시 강남구청,서울특별시 강남구 광평로34길 25-31,서울특별시 강남구 수서동 529,생활방범,4,200,360전방면,30,2020-11,02-3423-6772,37.482409999999994,127.0954,2020-02-27,서울수서경찰서
서울특별시 강남구청,서울특별시 강남구 수서동 522-5,서울특별시 강남구 수서동 522-5,생활방범,4,200,360전방면,30,2020-09,02-3423-6772,37.48363,127.09615,2020-02-27,서울수서경찰서
서울특별시 강남구청,서울특별시 강남구 광평로 295,서울특별시 강남구 수서동 716,생활방범,4,200,360전방면,30,2020-12,02-3423-6772,37.488279999999996,127.10425,2020-02-27,서울수서경찰서
서울특별시 강남구청,서울특별시 강남구 수서동 720,서울특별시 강남구 수서동 720,생활방범,3,200,360전방면,30,2020-12,02-3423-6772,37.48983,127.10488000000001,2020-02-27,서울수서경찰서
서울특별시 강남구청,서울특별시 강남구 밤고개로1길 52,서울특별시 강남구 수서동 718,생활방범,4,200,360전방면,30,2020-12,02-3423-6772,37.4885,127.10495,2020-02-27,서울수서경찰서
서울특별시 강남구청,,서울특별시 강남구 수서동 465-15,생활방범,1,200,360전방면,30,2020-12,02-3423-6772,37.489329999999995,127.10528000000001,2020-02-27,서울수서경찰서
서울특별시 강남구청,서울특별시 강남구 밤고개로1길 52(수서동),서울특별시 강남구 수서동 718,생활방범,1,200,360전방면,30,2020-12,02-3423-6772,37.484809999999996,127.09948,2020-02-27,서울수서경찰서
서울특별시 강남구청,서울특별시 강남구 광평로 280(수서동),서울특별시 강남구 수서동 724 (이마트 수서점 주변),교통단속,1,400,360전방면,30,2020-06,02-3423-6772,37.48737,127.10255,2020-02-27,서울수서경찰서
서울특별시 강남구청,서울특별시 강남구 광평로51길 8(수서동),서울특별시 강남구 수서동 714 (로얄프라자빌딩 주변),교통단속,1,400,360전방면,30,2020-06,02-3423-6772,37.488440000000004,127.10225,2020-02-27,서울수서경찰서
서울특별시 강남구청,,서울특별시 강남구 수서동 707-4 (세종고교버스정류장 주변),교통단속,1,200,360전방면,30,2020-12,02-3423-6772,37.48856,127.10053,2020-02-27,서울수서경찰서
서울특별시 강남구청,,서울특별시 강남구 수서동 214-9 (밤고개로 5길 수서SRT 주변),교통단속,1,200,360전방면,30,2020-12,02-3423-6772,37.486509999999996,127.1045,2020-02-27,서울수서경찰서
서울특별시 강남구청,,서울특별시 강남구 수서동 207-10 (밤고개로 수서SRT 주변),교통단속,1,200,360전방면,30,2020-12,02-3423-6772,37.48523,127.10393,2020-02-27,서울수서경찰서
서울특별시 강남구청,,서울특별시 강남구 수서동 596 (수서동성당 주변),교통단속,1,200,360전방면,30,2020-06,02-3423-6772,37.48428,127.09461999999999,2020-02-27,서울수서경찰서
서울특별시 강남구청,,서울특별시 강남구 수서동 590,교통단속,1,200,360전방면,30,2020-07,02-3423-6772,37.482440000000004,127.09456000000002,2020-02-27,서울수서경찰서
서울특별시 강남구청,,서울특별시 강남구 율현동 253-3,생활방범,4,200,360전방면,30,2020-06,02-3423-6772,37.47182,127.10621,2020-02-27,서울수서경찰서
서울특별시 강남구청,,서울특별시 강남구 율현동 313,생활방범,1,41,360전방면,30,2020-07,02-3423-6772,37.47033,127.10501000000001,2020-02-27,서울수서경찰서
서울특별시 강남구청,서울특별시 강남구 밤고개로24길 84-20 (율현동),서울특별시 강남구 율현동 322-15,생활방범,4,200,360전방면,30,2020-12,02-3423-6772,37.470420000000004,127.10263,2020-02-27,서울수서경찰서
서울특별시 강남구청,서울특별시 강남구 밤고개로23길 20-28 (율현동),서울특별시 강남구 율현동 196-21,생활방범,1,200,360전방면,30,2020-09,02-3423-6772,37.47225,127.10958000000001,2020-02-27,서울수서경찰서
서울특별시 강남구청,서울특별시 강남구 밤고개로24길 44-15 (율현동),서울특별시 강남구 율현동 300-20,생활방범,4,200,360전방면,30,2020-12,02-3423-6772,37.47208,127.10483,2020-02-27,서울수서경찰서
서울특별시 강남구청,,서울특별시 강남구 율현동 308-29 (방죽어린이집 앞),생활방범,5,200,360전방면,30,2020-12,02-3423-6772,37.469809999999995,127.1042,2020-02-27,서울수서경찰서
서울특별시 강남구청,서울특별시 강남구 밤고개로23길 22 (율현동),서울특별시 강남구 율현동 192-25,생활방범,4,200,360전방면,30,2020-02,02-3423-6772,37.47374,127.10842,2020-02-27,서울수서경찰서
서울특별시 강남구청,,서울특별시 강남구 율현동 177-3 (세곡2지구),생활방범,1,200,360전방면,30,2020-06,02-3423-6772,37.47514,127.11117,2020-02-27,서울수서경찰서
서울특별시 강남구청,,서울특별시 강남구 율현동 177-3 (세곡2지구),생활방범,3,200,360전방면,30,2020-06,02-3423-6772,37.47432,127.11174,2020-02-27,서울수서경찰서
서울특별시 강남구청,,서울특별시 강남구 율현동 168-1 (세곡2지구),생활방범,2,200,360전방면,30,2020-06,02-3423-6772,37.4737,127.11215,2020-02-27,서울수서경찰서
서울특별시 강남구청,서울특별시 강남구 밤고개로23길 14-31 (율현동),서울특별시 강남구 율현동 201-19,생활방범,3,200,360전방면,30,2020-08,02-3423-6772,37.471759999999996,127.10955,2020-02-27,서울수서경찰서
서울특별시 강남구청,서울특별시 강남구 밤고개로26길 43,서울특별시 강남구 율현동 333 (6단지 입구 인도),생활방범,4,400,360전방면,30,2020-07,02-3423-6772,37.46901,127.10406,2020-02-27,서울수서경찰서
서울특별시 강남구청,서울특별시 강남구 밤고개로23길 14-12 (율현동),서울특별시 강남구 율현동 196-71,생활방범,5,200,360전방면,30,2020-12,02-3423-6772,37.47273,127.1087,2020-02-27,서울수서경찰서
서울특별시 강남구청,서울특별시 강남구 밤고개로27길 7-5(율현동),서울특별시 강남구 율현동 225-3,생활방범,4,200,360전방면,30,2020-12,02-3423-6772,37.47161,127.1078,2020-02-27,서울수서경찰서
서울특별시 강남구청,,서울특별시 강남구 율현동 308-29,생활방범,3,200,360전방면,30,2020-12,02-3423-6772,37.4703,127.10463,2020-02-27,서울수서경찰서
서울특별시 강남구청,,서울특별시 강남구 율현동 194-1,생활방범,3,200,360전방면,30,2020-12,02-3423-6772,37.47335,127.10819,2020-02-27,서울수서경찰서
서울특별시 강남구청,서울특별시 강남구 밤고개로23길 14-26(율현동),서울특별시 강남구 율현동 201-2,생활방범,4,200,360전방면,30,2020-06,02-3423-6772,37.47185,127.10888999999999,2020-02-27,서울수서경찰서
서울특별시 강남구청,서울특별시 강남구 밤고개로 254(율현동),서울특별시 강남구 율현동 293,생활방범,4,200,360전방면,30,2020-06,02-3423-6772,37.47157,127.10659,2020-02-27,서울수서경찰서
서울특별시 강남구청,서울특별시 강남구 밤고개로 27-20(율현동),서울특별시 강남구 율현동 217,생활방범,1,200,360전방면,30,2020-12,02-3423-6772,37.47063,127.10956999999999,2020-02-27,서울수서경찰서
서울특별시 강남구청,서울특별시 강남구 밤고개로24길 80-13,서울특별시 강남구 율현동 320-1,생활방범,4,200,360전방면,30,2020-11,02-3423-6772,37.47033,127.10332,2020-02-27,서울수서경찰서
서울특별시 강남구청,서울특별시 강남구 헌릉로757길 35(율현동),서울특별시 강남구 율현동 110 (자동차매매시장4 주변),교통단속,1,200,360전방면,30,2020-07,02-3423-6772,37.470909999999996,127.11865,2020-02-27,서울수서경찰서
서울특별시 강남구청,서울특별시 강남구 헌릉로745길 37(율현동),서울특별시 강남구 율현동 101-13 (자동차매매시장3 주변),교통단속,1,200,360전방면,30,2020-12,02-3423-6772,37.46973,127.11818000000001,2020-02-27,서울수서경찰서
서울특별시 강남구청,,서울특별시 강남구 율현동 114-1 (자동차매매시장2 주변),교통단속,1,200,360전방면,30,2020-12,02-3423-6772,37.46927,127.12083999999999,2020-02-27,서울수서경찰서
서울특별시 강남구청,,서울특별시 강남구 율현동 126-8 (자동차매매시장1 주변),교통단속,1,200,360전방면,30,2020-12,02-3423-6772,37.46875,127.11988000000001,2020-02-27,서울수서경찰서
서울특별시 강남구청,서울특별시 강남구 헌릉로757길 35(율현동),서울특별시 강남구 율현동 110 (자동차매매시장5 주변),교통단속,1,200,360전방면,30,2020-07,02-3423-6772,37.46987,127.11918,2020-02-27,서울수서경찰서
서울특별시 강남구청,,서울특별시 강남구 율현동 122-5 (자동차매매시장6 주변),교통단속,1,200,360전방면,30,2020-07,02-3423-6772,37.46774,127.12008,2020-02-27,서울수서경찰서
서울특별시 강남구청,서울특별시 강남구 영동대로4길 20 (일원동),서울특별시 강남구 일원동 691 (일원초 후문),생활방범,3,200,360전방면,30,2020-12,02-3423-6772,37.48956,127.07538999999998,2020-02-27,서울수서경찰서
서울특별시 강남구청,서울특별시 강남구 영동대로4길 7 (일원동),서울특별시 강남구 개포동 613,생활방범,1,41,360전방면,30,2020-07,02-3423-6772,37.48897,127.0744,2020-02-27,서울수서경찰서
서울특별시 강남구청,서울특별시 강남구 개포로116길 21 (일원동),서울특별시 강남구 일원동 621 (대청공원 담장),생활방범,5,200,360전방면,30,2020-12,02-3423-6772,37.49184,127.08235,2020-02-27,서울수서경찰서
서울특별시 강남구청,서울특별시 강남구 개포로118길 32 (일원동),서울특별시 강남구 일원동 623,생활방범,4,200,360전방면,30,2020-06,02-3423-6772,37.49411,127.08216999999999,2020-02-27,서울수서경찰서
서울특별시 강남구청,"서울특별시 강남구 개포로124길 27 (일원동, 삼성사원아파트)",서울특별시 강남구 일원동 626 (삼성사원A 담장),생활방범,4,200,360전방면,30,2020-06,02-3423-6772,37.492940000000004,127.08408999999999,2020-02-27,서울수서경찰서
서울특별시 강남구청,서울특별시 강남구 개포로118길 60 (일원동),서울특별시 강남구 일원동 631,생활방범,4,200,360전방면,30,2020-06,02-3423-6772,37.49475,127.08426999999999,2020-02-27,서울수서경찰서
서울특별시 강남구청,서울특별시 강남구 개포로138길 38 (일원동),서울특별시 강남구 일원동 636-8,생활방범,4,200,360전방면,30,2020-12,02-3423-6772,37.493629999999996,127.08622,2020-02-27,서울수서경찰서
서울특별시 강남구청,서울특별시 강남구 양재대로53길 19 (일원동),서울특별시 강남구 일원동 647,생활방범,4,200,360전방면,30,2020-07,02-3423-6772,37.49171,127.08713999999999,2020-02-27,서울수서경찰서
서울특별시 강남구청,서울특별시 강남구 양재대로53길 19 (일원동),서울특별시 강남구 일원동 647,생활방범,5,200,360전방면,30,2020-07,02-3423-6772,37.491929999999996,127.08663999999999,2020-02-27,서울수서경찰서
서울특별시 강남구청,,서울특별시 강남구 일원동 658 (일원목련공원 입구),생활방범,4,200,360전방면,30,2020-12,02-3423-6772,37.49147,127.08572,2020-02-27,서울수서경찰서
서울특별시 강남구청,서울특별시 강남구 일원로5길 51 (일원동),서울특별시 강남구 일원동 663-8,생활방범,3,200,360전방면,30,2020-06,02-3423-6772,37.49187,127.08458999999999,2020-02-27,서울수서경찰서
서울특별시 강남구청,서울특별시 강남구 일원로9길 45 (일원동),서울특별시 강남구 일원동 665-7,생활방범,1,200,360전방면,30,2020-11,02-3423-6772,37.49045,127.08525,2020-02-27,서울수서경찰서
서울특별시 강남구청,"서울특별시 강남구 양재대로33길 14 (일원동, 호정빌라트)",서울특별시 강남구 일원동 679,생활방범,1,200,360전방면,30,2020-09,02-3423-6772,37.4908,127.08316,2020-02-27,서울수서경찰서
서울특별시 강남구청,서울특별시 강남구 양재대로33길 23-12 (일원동),서울특별시 강남구 일원동 682-12,생활방범,4,200,360전방면,30,2020-11,02-3423-6772,37.490590000000005,127.08182,2020-02-27,서울수서경찰서
서울특별시 강남구청,서울특별시 강남구 일원로 7 (일원동),서울특별시 강남구 일원동 620-10 (중동고 담장),생활방범,1,200,360전방면,30,2020-09,02-3423-6772,37.49286,127.08168,2020-02-27,서울수서경찰서
서울특별시 강남구청,서울특별시 강남구 일원로9길 76 (일원동),서울특별시 강남구 일원동 645-12,생활방범,4,200,360전방면,30,2020-11,02-3423-6772,37.491040000000005,127.08756000000001,2020-02-27,서울수서경찰서
서울특별시 강남구청,서울특별시 강남구 일원로5길 30 (일원동),서울특별시 강남구 일원동 676,생활방범,1,200,360전방면,30,2020-09,02-3423-6772,37.491609999999994,127.08323,2020-02-27,서울수서경찰서
서울특별시 강남구청,,서울특별시 강남구 일원동 711-3 (수서1단지A 118동 뒤),생활방범,1,200,360전방면,30,2020-04,02-3423-6772,37.4935,127.08821,2020-02-27,서울수서경찰서
서울특별시 강남구청,서울특별시 강남구 개포로136길 22 (일원동),서울특별시 강남구 일원동 633-9,생활방범,1,200,360전방면,30,2020-04,02-3423-6772,37.49408,127.08548,2020-02-27,서울수서경찰서
서울특별시 강남구청,서울특별시 강남구 일원로5길 90 (일원동),서울특별시 강남구 일원동 643,생활방범,4,200,360전방면,30,2020-12,02-3423-6772,37.4929,127.08663999999999,2020-02-27,서울수서경찰서
서울특별시 강남구청,서울특별시 강남구 양재대로39길 15 (일원동),서울특별시 강남구 일원동 672-2,생활방범,1,200,360전방면,30,2020-12,02-3423-6772,37.49075,127.08413999999999,2020-02-27,서울수서경찰서
서울특별시 강남구청,서울특별시 강남구 개포로130길 22 (일원동),서울특별시 강남구 일원동 629-9,생활방범,4,200,360전방면,30,2020-12,02-3423-6772,37.49385,127.08417,2020-02-27,서울수서경찰서
서울특별시 강남구청,,서울특별시 강남구 일원동 711-2 (일원1동주민센터앞삼거리 지하보도),생활방범,4,200,360전방면,30,2020-06,02-3423-6772,37.49069,127.08825,2020-02-27,서울수서경찰서
서울특별시 강남구청,,서울특별시 강남구 일원동 711-3 (대청초 뒷편),생활방범,4,200,360전방면,30,2020-08,02-3423-6772,37.493320000000004,127.08703,2020-02-27,서울수서경찰서
서울특별시 강남구청,,서울특별시 강남구 일원동 712-4 (하늘빛 유치원 뒤 대청초 담장),생활방범,1,200,360전방면,30,2020-12,02-3423-6772,37.492329999999995,127.08807,2020-02-27,서울수서경찰서
서울특별시 강남구청,서울특별시 강남구 개포로 668 (일원동),서울특별시 강남구 일원동 639-6,생활방범,4,200,360전방면,30,2020-11,02-3423-6772,37.49517,127.08551999999999,2020-02-27,서울수서경찰서
서울특별시 강남구청,서울특별시 강남구 개포로116길 21 (일원동),서울특별시 강남구 일원동 621 (대청공원 화장실 앞),생활방범,4,200,360전방면,30,2020-11,02-3423-6772,37.492259999999995,127.08298,2020-02-27,서울수서경찰서
서울특별시 강남구청,,서울특별시 강남구 일원동 712-4 (일원까치공원 내),생활방범,3,200,360전방면,30,2020-12,02-3423-6772,37.49187,127.08821999999999,2020-02-27,서울수서경찰서
서울특별시 강남구청,서울특별시 강남구 양재대로37길 18 (일원동),서울특별시 강남구 일원동 672 (대청어린이집 앞),생활방범,5,200,360전방면,30,2020-12,02-3423-6772,37.49077,127.08372,2020-02-27,서울수서경찰서
서울특별시 강남구청,서울특별시 강남구 일원로3길 81 (일원동),서울특별시 강남구 일원동 636-12 (하나어린이집 앞),생활방범,3,200,360전방면,30,2020-12,02-3423-6772,37.49315,127.08591000000001,2020-02-27,서울수서경찰서
서울특별시 강남구청,서울특별시 강남구 일원로9길 48 (일원동),서울특별시 강남구 일원동 645,생활방범,4,200,360전방면,30,2020-11,02-3423-6772,37.49,127.08588999999999,2020-02-27,서울수서경찰서
서울특별시 강남구청,서울특별시 강남구 일원로3길 32 (일원동),서울특별시 강남구 일원동 677-5,생활방범,3,200,360전방면,30,2020-12,02-3423-6772,37.49195,127.0829,2020-02-27,서울수서경찰서
서울특별시 강남구청,서울특별시 강남구 양재대로47길 28 (일원동),서울특별시 강남구 일원동 655-4,생활방범,3,200,360전방면,30,2020-09,02-3423-6772,37.49197,127.086,2020-02-27,서울수서경찰서
서울특별시 강남구청,서울특별시 강남구 일원로 35 (일원동),서울특별시 강남구 일원동 684,생활방범,4,200,360전방면,30,2020-09,02-3423-6772,37.490790000000004,127.08128,2020-02-27,서울수서경찰서
서울특별시 강남구청,서울특별시 강남구 일원로5길 68 (일원동),서울특별시 강남구 일원동 655,생활방범,5,200,360전방면,30,2020-02,02-3423-6772,37.492470000000004,127.08549,2020-02-27,서울수서경찰서
서울특별시 강남구청,서울특별시 강남구 양재대로29길 6 (일원동),서울특별시 강남구 일원동 686-8,생활방범,4,200,360전방면,30,2020-02,02-3423-6772,37.48958,127.08235,2020-02-27,서울수서경찰서
서울특별시 강남구청,서울특별시 강남구 개포로128길 6 (일원동),서울특별시 강남구 일원동 625-4,생활방범,4,200,360전방면,30,2020-08,02-3423-6772,37.49451,127.08341000000001,2020-02-27,서울수서경찰서
서울특별시 강남구청,서울특별시 강남구 개포로140길 14 (일원동),서울특별시 강남구 일원동 640-4,생활방범,3,200,360전방면,30,2020-08,02-3423-6772,37.49562,127.08577,2020-02-27,서울수서경찰서
서울특별시 강남구청,서울특별시 강남구 양재대로41길 18(일원동),서울특별시 강남구 일원동 665,생활방범,5,400,360전방면,30,2020-07,02-3423-6772,37.4911,127.08458,2020-02-27,서울수서경찰서
서울특별시 강남구청,서울특별시 강남구 개포로138길 36-15,서울특별시 강남구 일원동 636,생활방범,4,400,360전방면,30,2020-07,02-3423-6772,37.4933,127.08521,2020-02-27,서울수서경찰서
서울특별시 강남구청,서울특별시 강남구 개포로120길 23,서울특별시 강남구 일원동 620-9,생활방범,4,400,360전방면,30,2020-07,02-3423-6772,37.49301,127.08219,2020-02-27,서울수서경찰서
서울특별시 강남구청,서울특별시 강남구 개포로118길 26-10(일원동),서울특별시 강남구 일원동 620-6,생활방범,3,200,360전방면,30,2020-12,02-3423-6772,37.493320000000004,127.08201000000001,2020-02-27,서울수서경찰서
서울특별시 강남구청,서울특별시 강남구 일원로5길 19(일원동),서울특별시 강남구 일원동 683-18,생활방범,5,200,360전방면,30,2020-12,02-3423-6772,37.49132,127.08238999999999,2020-02-27,서울수서경찰서
서울특별시 강남구청,,서울특별시 강남구 일원동 702-6 (삼성의료원 육교 북단 위),생활방범,4,200,360전방면,30,2020-12,02-3423-6772,37.48912,127.08200000000001,2020-02-27,서울수서경찰서
서울특별시 강남구청,서울특별시 강남구 일원로9길 18(일원동),서울특별시 강남구 일원동 687-7,생활방범,4,200,360전방면,30,2020-12,02-3423-6772,37.48957,127.08328,2020-02-27,서울수서경찰서
서울특별시 강남구청,서울특별시 강남구 양재대로45길 19(일원동),서울특별시 강남구 일원동 661-1,생활방범,5,200,360전방면,30,2020-12,02-3423-6772,37.49155,127.08531,2020-02-27,서울수서경찰서
서울특별시 강남구청,서울특별시 강남구 일원로5길 47(일원동),서울특별시 강남구 일원동 663-10,생활방범,4,200,360전방면,30,2020-12,02-3423-6772,37.49208,127.08405,2020-02-27,서울수서경찰서
서울특별시 강남구청,,서울특별시 강남구 일원동 699,생활방범,3,200,360전방면,30,2020-01,02-3423-6772,37.49385,127.08006,2020-02-27,서울수서경찰서
서울특별시 강남구청,,서울특별시 강남구 일원동 700-6 (마루공원 주차정산입구 횡단보도),생활방범,3,200,360전방면,30,2020-01,02-3423-6772,37.49463,127.08246000000001,2020-02-27,서울수서경찰서
서울특별시 강남구청,서울특별시 강남구 영동대로4길 20 (일원동),서울특별시 강남구 일원동 691 (일원초 정문),생활방범,1,200,360전방면,30,2020-04,02-3423-6772,37.489129999999996,127.0771,2020-02-27,서울수서경찰서
서울특별시 강남구청,"서울특별시 강남구 개포로110길 36 (일원동, 대우아파트)",서울특별시 강남구 일원동 690 (늘푸른공원 화장실 앞),생활방범,4,200,360전방면,30,2020-11,02-3423-6772,37.48955,127.07735,2020-02-27,서울수서경찰서
서울특별시 강남구청,,서울특별시 강남구 일원동 615-2 (은행나무공원 내),생활방범,3,200,360전방면,30,2020-01,02-3423-6772,37.492090000000005,127.07696000000001,2020-02-27,서울수서경찰서
서울특별시 강남구청,"서울특별시 강남구 개포로110길 36 (일원동, 대우아파트)",서울특별시 강남구 일원동 690 (늘푸른공원 앞 삼거리),생활방범,4,200,360전방면,30,2020-09,02-3423-6772,37.49051,127.07725,2020-02-27,서울수서경찰서
서울특별시 강남구청,서울특별시 강남구 개포로 617-8 (일원동),서울특별시 강남구 개포동 14-2,생활방범,4,200,360전방면,30,2020-12,02-3423-6772,37.49382,127.07738,2020-02-27,서울수서경찰서
서울특별시 강남구청,"서울특별시 강남구 광평로19길 15 (일원동, 목련타운아파트)","서울특별시 강남구 일원동 716 (목련A 107동, 108동 입구)",생활방범,4,200,360전방면,30,2020-06,02-3423-6772,37.48485,127.08628999999999,2020-02-27,서울수서경찰서
서울특별시 강남구청,"서울특별시 강남구 일원로14길 25 (일원동, 푸른마을아파트)",서울특별시 강남구 일원동 719 (푸른마을A 110동 담장),생활방범,4,200,360전방면,30,2020-06,02-3423-6772,37.4835,127.07976000000001,2020-02-27,서울수서경찰서
서울특별시 강남구청,서울특별시 강남구 광평로1길 9 (일원동),서울특별시 강남구 일원동 729-8,생활방범,5,200,360전방면,30,2020-12,02-3423-6772,37.48328,127.07786999999999,2020-02-27,서울수서경찰서
서울특별시 강남구청,,서울특별시 강남구 일원동 730-3 (한솔건영A 101동 뒤 일원개나리공원 내),생활방범,1,41,360전방면,30,2020-07,02-3423-6772,37.482890000000005,127.07703000000001,2020-02-27,서울수서경찰서
서울특별시 강남구청,서울특별시 강남구 광평로10길 14-41(일원동),서울특별시 강남구 일원동 732-1 (한솔공원 앞 교회 삼거리),생활방범,1,41,360전방면,30,2020-07,02-3423-6772,37.480909999999994,127.07658,2020-02-27,서울수서경찰서
서울특별시 강남구청,서울특별시 강남구 광평로10길 14-41 (일원동),서울특별시 강남구 일원동 732 (한솔공원 남측 담장),생활방범,1,41,360전방면,30,2020-02,02-3423-6772,37.48063,127.07841,2020-02-27,서울수서경찰서
서울특별시 강남구청,"서울특별시 강남구 광평로10길 15 (일원동, 상록수아파트)",서울특별시 강남구 일원동 732-4 (일원장미공원 입구),생활방범,1,200,360전방면,30,2020-09,02-3423-6772,37.48081,127.08098000000001,2020-02-27,서울수서경찰서
서울특별시 강남구청,서울특별시 강남구 광평로20길 63 (일원동),서울특별시 강남구 일원동 738 (로봇고 담장),생활방범,4,200,360전방면,30,2020-11,02-3423-6772,37.48129,127.08421000000001,2020-02-27,서울수서경찰서
서울특별시 강남구청,,서울특별시 강남구 일원동 745 (왕북초 담장),생활방범,4,200,360전방면,30,2020-07,02-3423-6772,37.48579,127.08612,2020-02-27,서울수서경찰서
서울특별시 강남구청,서울특별시 강남구 광평로7길 18 (일원동),서울특별시 강남구 일원동 720-7,생활방범,1,200,360전방면,30,2020-09,02-3423-6772,37.483990000000006,127.07919,2020-02-27,서울수서경찰서
서울특별시 강남구청,서울특별시 강남구 광평로3길 21 (일원동),서울특별시 강남구 일원동 730 (일원어린이집 앞),생활방범,1,200,360전방면,30,2020-09,02-3423-6772,37.48402,127.07821000000001,2020-02-27,서울수서경찰서
서울특별시 강남구청,"서울특별시 강남구 광평로10길 6 (일원동, 한솔마을아파트)",서울특별시 강남구 일원동 731 (한솔상가 앞),생활방범,5,200,360전방면,30,2020-12,02-3423-6772,37.48258,127.07987,2020-02-27,서울수서경찰서
서울특별시 강남구청,서울특별시 강남구 광평로 61 (일원동),서울특별시 강남구 일원동 722-1,생활방범,1,200,360전방면,30,2020-09,02-3423-6772,37.482859999999995,127.0792,2020-02-27,서울수서경찰서
서울특별시 강남구청,서울특별시 강남구 광평로3길 21 (일원동),서울특별시 강남구 일원동 730 (일원어린이집 앞),생활방범,3,200,360전방면,30,2020-12,02-3423-6772,37.483909999999995,127.07773999999999,2020-02-27,서울수서경찰서
서울특별시 강남구청,서울특별시 강남구 광평로1길 3 (일원동),서울특별시 강남구 일원동 729-11,생활방범,3,200,360전방면,30,2020-07,02-3423-6772,37.48277,127.07795,2020-02-27,서울수서경찰서
서울특별시 강남구청,,서울특별시 강남구 일원동 735-1 (일원비둘기공원 내),생활방범,3,200,360전방면,30,2020-01,02-3423-6772,37.48337,127.08604,2020-02-27,서울수서경찰서
서울특별시 강남구청,서울특별시 강남구 일원로 95 (일원동),서울특별시 강남구 일원동 715 (신영상가 뒤 산길 입구),생활방범,3,200,360전방면,30,2020-01,02-3423-6772,37.48563,127.08431999999999,2020-02-27,서울수서경찰서
서울특별시 강남구청,,서울특별시 강남구 일원동 738-1 (청솔빌리지-로봇고사잇길),생활방범,3,200,360전방면,30,2020-09,02-3423-6772,37.48005,127.08388000000001,2020-02-27,서울수서경찰서
서울특별시 강남구청,서울특별시 강남구 광평로10길 14-41 (일원동),서울특별시 강남구 일원동 732 (한솔근린공원 내),생활방범,4,200,360전방면,30,2020-09,02-3423-6772,37.48122,127.07791,2020-02-27,서울수서경찰서
서울특별시 강남구청,,서울특별시 강남구 일원동 718-1 (일원느티나무공원 내),생활방범,3,200,360전방면,30,2020-02,02-3423-6772,37.48408,127.08178999999998,2020-02-27,서울수서경찰서
서울특별시 강남구청,서울특별시 강남구 일원로 90 (일원동),서울특별시 강남구 일원동 713,생활방범,3,200,360전방면,30,2020-12,02-3423-6772,37.48612,127.08298,2020-02-27,서울수서경찰서
서울특별시 강남구청,서울특별시 강남구 광평로10길 14-41(일원동),서울특별시 강남구 일원동 732 (한솔근린공원 내),생활방범,3,200,360전방면,30,2020-12,02-3423-6772,37.48104,127.07712,2020-02-27,서울수서경찰서
서울특별시 강남구청,서울특별시 강남구 일원로 120 (일원동),서울특별시 강남구 일원동 718,생활방범,5,200,360전방면,30,2020-12,02-3423-6772,37.48522,127.08198999999999,2020-02-27,서울수서경찰서
서울특별시 강남구청,,서울특별시 강남구 일원동 120-1 (삼성의료원 육교 남단 위),생활방범,4,400,360전방면,30,2020-07,02-3423-6772,37.488659999999996,127.08223000000001,2020-02-27,서울수서경찰서
서울특별시 강남구청,서울특별시 강남구 일원로 90(일원동),서울특별시 강남구 일원동 713,생활방범,4,200,360전방면,30,2020-06,02-3423-6772,37.48547,127.08323999999999,2020-02-27,서울수서경찰서
서울특별시 강남구청,,서울특별시 강남구 일원동 348 (한솔A 307호옆),생활방범,4,400,360전방면,30,2020-07,02-3423-6772,37.48158,127.08011,2020-02-27,서울수서경찰서
서울특별시 강남구청,,서울특별시 강남구 일원동 716-1,생활방범,3,400,360전방면,30,2020-07,02-3423-6772,37.48464,127.08503999999999,2020-02-27,서울수서경찰서
서울특별시 강남구청,서울특별시 강남구 일원로14길 22(일원동),서울특별시 강남구 일원동 714 (푸른마을A 107동 건너편 등산로입구),생활방범,4,200,360전방면,30,2020-12,02-3423-6772,37.4843,127.07976000000001,2020-02-27,서울수서경찰서
서울특별시 강남구청,서울특별시 강남구 일원로 21(일원동),서울특별시 강남구 일원동 617(대청역 3번출구 앞),생활방범,3,200,360전방면,30,2020-06,02-3423-6772,37.49374,127.08013000000001,2020-02-27,서울수서경찰서
서울특별시 강남구청,서울특별시 강남구 개포로128길 8(일원동),서울특별시 강남구 일원동 625-5,생활방범,3,200,360전방면,30,2020-12,02-3423-6772,37.49122,127.08346,2020-02-27,서울수서경찰서
서울특별시 강남구청,서울특별시 강남구 남부순환로 3318(수서동),서울특별시 강남구 일원동 4-1,생활방범,3,200,360전방면,30,2020-12,02-3423-6772,37.49524,127.09281000000001,2020-02-27,서울수서경찰서
서울특별시 강남구청,서울특별시 강남구 개포로130길 27-10,서울특별시 강남구 일원동 635-5,생활방범,3,200,360전방면,30,2020-07,02-3423-6772,37.49367,127.0851,2020-02-27,서울수서경찰서
서울특별시 강남구청,,서울특별시 강남구 일원동 702,생활방범,4,200,360전방면,30,2020-07,02-3423-6772,37.49073,127.08813,2020-02-27,서울수서경찰서
서울특별시 강남구청,서울특별시 강남구 일원로9길 59,서울특별시 강남구 일원동 653-9,생활방범,4,200,360전방면,30,2020-07,02-3423-6772,37.49072,127.08613999999999,2020-02-27,서울수서경찰서
서울특별시 강남구청,,서울특별시 강남구 일원동 658,생활방범,4,200,360전방면,30,2020-11,02-3423-6772,37.49153,127.0853,2020-02-27,서울수서경찰서
서울특별시 강남구청,서울특별시 강남구 일원동 154-12,서울특별시 강남구 일원동 154-12,생활방범,4,200,360전방면,30,2020-09,02-3423-6772,37.48673,127.0827,2020-02-27,서울수서경찰서
서울특별시 강남구청,서울특별시 강남구 양재대로37길 29,서울특별시 강남구 일원동 676-1,생활방범,3,200,360전방면,30,2020-09,02-3423-6772,37.49134,127.08335,2020-02-27,서울수서경찰서
서울특별시 강남구청,서울특별시 강남구 양재대로43길 15,서울특별시 강남구 일원동 665-2,생활방범,3,200,360전방면,30,2020-12,02-3423-6772,37.49075,127.08516999999999,2020-02-27,서울수서경찰서
서울특별시 강남구청,서울특별시 강남구 일원로 105-2 (일원역 7번 출구 앞),서울특별시 강남구 일원동 715,생활방범,4,200,360전방면,30,2020-12,02-3423-6772,37.48446,127.08348000000001,2020-02-27,서울수서경찰서
서울특별시 강남구청,서울특별시 강남구 일원동 246-13,서울특별시 강남구 일원동 246-13,생활방범,1,200,360전방면,30,2020-12,02-3423-6772,37.47954,127.07971,2020-02-27,서울수서경찰서
서울특별시 강남구청,서울특별시 강남구 일원동 690,서울특별시 강남구 일원동 690,생활방범,1,200,360전방면,30,2020-12,02-3423-6772,37.48983,127.0781,2020-02-27,서울수서경찰서
서울특별시 강남구청,서울특별시 강남구 일원동 730-2,서울특별시 강남구 일원동 730-2,생활방범,1,200,360전방면,30,2020-12,02-3423-6772,37.48316,127.07726000000001,2020-02-27,서울수서경찰서
서울특별시 강남구청,서울특별시 강남구 일원로3길 76(일원동),서울특별시 강남구 일원동 642-2,생활방범,1,200,360전방면,30,2020-12,02-3423-6772,37.49295,127.08568000000001,2020-02-27,서울수서경찰서
서울특별시 강남구청,서울특별시 강남구 양재대로33길 10(일원동),서울특별시 강남구 일원동 680-6,생활방범,1,200,360전방면,30,2020-12,02-3423-6772,37.49013,127.08306,2020-02-27,서울수서경찰서
서울특별시 강남구청,서울특별시 강남구 일원로3길 46(일원동),서울특별시 강남구 일원동 663-3 (일원치안센터 주변),교통단속,1,200,360전방면,30,2020-12,02-3423-6772,37.492290000000004,127.08368,2020-02-27,서울수서경찰서
서울특별시 강남구청,서울특별시 강남구 양재대로55길 11(일원동),서울특별시 강남구 일원동 644-3 (일원1동주민센터 주변),교통단속,3,400,360전방면,30,2020-12,02-3423-6772,37.49149,127.08782,2020-02-27,서울수서경찰서
서울특별시 강남구청,,서울특별시 강남구 일원동 701-2 (대청초등학교 주변),교통단속,1,400,360전방면,30,2020-06,02-3423-6772,37.49349,127.08706000000001,2020-02-27,서울수서경찰서
서울특별시 강남구청,서울특별시 강남구 일원로 53(일원동),서울특별시 강남구 일원동 687 (삼성의료원앞 주변),교통단속,1,200,360전방면,30,2020-06,02-3423-6772,37.48911,127.0818,2020-02-27,서울수서경찰서
서울특별시 강남구청,"서울특별시 강남구 개포로110길 15(일원동, 우성7차아파트)",서울특별시 강남구 일원동 615 (석탑상가 주변),교통단속,3,200,360전방면,30,2020-12,02-3423-6772,37.49245,127.07643999999999,2020-02-27,서울수서경찰서
서울특별시 강남구청,,서울특별시 강남구 일원동 700-6 (마루공원 주차정산입구 횡단보도),교통단속,1,200,360전방면,30,2020-06,02-3423-6772,37.49471,127.08245,2020-02-27,서울수서경찰서
서울특별시 강남구청,서울특별시 강남구 일원로 90(일원동),서울특별시 강남구 일원동 713 (신영빌딩 주변),교통단속,1,200,360전방면,30,2020-12,02-3423-6772,37.48554,127.08315,2020-02-27,서울수서경찰서
서울특별시 강남구청,"서울특별시 강남구 광평로10길 6(일원동, 한솔마을아파트)",서울특별시 강남구 일원동 731,교통단속,1,200,360전방면,30,2020-06,02-3423-6772,37.48259,127.07988,2020-02-27,서울수서경찰서
서울특별시 강남구청,서울특벌시 강남구 개포로 670,서울특별시 강남구 일원동 639-7,교통단속,1,200,360전방면,30,2020-07,02-3423-6772,37.4954,127.08567,2020-02-27,서울수서경찰서
서울특별시 강남구청,,서울특별시 강남구 일원동 184-13,교통단속,1,200,360전방면,30,2020-09,02-3423-6772,37.48673,127.08271,2020-02-27,서울수서경찰서
서울특별시 강남구청,서울특별시 강남구 일원로 33,서울특별시 강남구 일원동 683,교통단속,3,200,360전방면,30,2020-12,02-3423-6772,37.52745,127.04227,2020-02-27,서울수서경찰서
서울특별시 강남구청,,서울특별시 강남구 자곡동 213-1,생활방범,1,41,360전방면,30,2020-07,02-3423-6772,37.48315,127.10433,2020-02-27,서울수서경찰서
서울특별시 강남구청,,서울특별시 강남구 자곡동 233-2 (쟁골마을회관 옆 공원),생활방범,4,200,360전방면,30,2020-12,02-3423-6772,37.482,127.10188000000001,2020-02-27,서울수서경찰서
서울특별시 강남구청,,서울특별시 강남구 자곡동 302-19,생활방범,1,41,360전방면,30,2020-07,02-3423-6772,37.48155,127.10416000000001,2020-02-27,서울수서경찰서
서울특별시 강남구청,서울특별시 강남구 자곡로7길 8-17 (자곡동),서울특별시 강남구 자곡동 425-19,생활방범,1,41,360전방면,30,2020-07,02-3423-6772,37.47442,127.09978999999998,2020-02-27,서울수서경찰서
서울특별시 강남구청,서울특별시 강남구 자곡로7길 16-11 (자곡동),서울특별시 강남구 자곡동 440-93,생활방범,5,200,360전방면,30,2020-12,02-3423-6772,37.474340000000005,127.09893999999998,2020-02-27,서울수서경찰서
서울특별시 강남구청,,서울특별시 강남구 자곡동 515-18,생활방범,1,41,360전방면,30,2020-07,02-3423-6772,37.4731,127.09671999999999,2020-02-27,서울수서경찰서
서울특별시 강남구청,,서울특별시 강남구 자곡동 447-23 (푸른어린이집 앞),생활방범,5,200,360전방면,30,2020-12,02-3423-6772,37.473459999999996,127.09998999999999,2020-02-27,서울수서경찰서
서울특별시 강남구청,서울특별시 강남구 자곡로7길 22-31 (자곡동),서울특별시 강남구 자곡동 440-145,생활방범,1,200,360전방면,30,2020-04,02-3423-6772,37.474940000000004,127.09754,2020-02-27,서울수서경찰서
서울특별시 강남구청,,서울특별시 강남구 자곡동 271-14,생활방범,4,200,360전방면,30,2020-11,02-3423-6772,37.481429999999996,127.10331000000001,2020-02-27,서울수서경찰서
서울특별시 강남구청,,서울특별시 강남구 자곡동 566-6 (세곡중학교 앞 삼거리),생활방범,5,200,360전방면,30,2020-01,02-3423-6772,37.47095,127.09231000000001,2020-02-27,서울수서경찰서
서울특별시 강남구청,,서울특별시 강남구 자곡동 177-3 (세곡2지구),생활방범,1,200,360전방면,30,2020-06,02-3423-6772,37.47635,127.11035,2020-02-27,서울수서경찰서
서울특별시 강남구청,"서울특별시 강남구 밤고개로21길 25(자곡동, 래미안포레)",서울특별시 강남구 자곡동 82 (세곡2지구),생활방범,1,200,360전방면,30,2020-06,02-3423-6772,37.47576,127.11071000000001,2020-02-27,서울수서경찰서
서울특별시 강남구청,서울특별시 강남구 밤고개로21길 15 (세곡동),서울특별시 강남구 자곡동 361-2,생활방범,4,200,360전방면,30,2020-12,02-3423-6772,37.47415,127.10765,2020-02-27,서울수서경찰서
서울특별시 강남구청,,서울특별시 강남구 자곡동 625 (LH강남힐스테이트A 5단지 유수지옆 공원 내),생활방범,4,200,360전방면,30,2020-12,02-3423-6772,37.469609999999996,127.09037,2020-02-27,서울수서경찰서
서울특별시 강남구청,,서울특별시 강남구 자곡동 605 (자곡초교 사거리),생활방범,5,200,360전방면,30,2020-06,02-3423-6772,37.472879999999996,127.10014,2020-02-27,서울수서경찰서
서울특별시 강남구청,서울특별시 강남구 자곡로7길 22-1,서울특별시 강남구 자곡동 475-11,생활방범,4,200,360전방면,30,2020-06,02-3423-6772,37.47323,127.09825,2020-02-27,서울수서경찰서
서울특별시 강남구청,서울특별시 강남구 자곡동 46-12,서울특별시 강남구 자곡동 46-12 (한양수자인@ 정문건너),생활방범,4,400,360전방면,30,2020-07,02-3423-6772,37.47736,127.11486000000001,2020-02-27,서울수서경찰서
서울특별시 강남구청,,서울특별시 강남구 자곡동 254 (쟁골마을),생활방범,4,200,360전방면,30,2020-12,02-3423-6772,37.48114,127.10035,2020-02-27,서울수서경찰서
서울특별시 강남구청,,서울특별시 강남구 자곡동 625 (LH강남힐스테이트A 505동 남측 등산로 입구),생활방범,3,200,360전방면,30,2020-12,02-3423-6772,37.46963,127.08896999999999,2020-02-27,서울수서경찰서
서울특별시 강남구청,서울특별시 강남구 밤고개로12길 60-8(자곡동),서울특별시 강남구 자곡동 251-5,생활방범,5,200,360전방면,30,2020-12,02-3423-6772,37.48155,127.09985,2020-02-27,서울수서경찰서
서울특별시 강남구청,서울특별시 강남구 자곡로 204-19(자곡동),서울특별시 강남구 자곡동 663,생활방범,3,200,360전방면,30,2020-06,02-3423-6772,37.47401,127.10423999999999,2020-02-27,서울수서경찰서
서울특별시 강남구청,서울특별시 강남구 밤고개로21길 15(자곡동),서울특별시 강남구 자곡동 361-2,생활방범,4,200,360전방면,30,2020-06,02-3423-6772,37.47416,127.10927,2020-02-27,서울수서경찰서
서울특별시 강남구청,서울특별시 강남구 자곡로 180(자곡동),서울특별시 강남구 자곡동 651,생활방범,4,200,360전방면,30,2020-06,02-3423-6772,37.47317,127.10305,2020-02-27,서울수서경찰서
서울특별시 강남구청,,서울특별시 강남구 자곡동 624,생활방범,3,200,360전방면,30,2020-06,02-3423-6772,37.46953,127.09093,2020-02-27,서울수서경찰서
서울특별시 강남구청,서울특별시 강남구 자곡로7길 3(자곡동),서울특별시 강남구 자곡동 607(세곡교차로),생활방범,5,200,360전방면,30,2020-12,02-3423-6772,37.47238,127.09624,2020-02-27,서울수서경찰서
서울특별시 강남구청,,서울특별시 강남구 자곡동 594,생활방범,3,200,360전방면,30,2020-07,02-3423-6772,37.47575,127.10485,2020-02-27,서울수서경찰서
서울특별시 강남구청,서울특별시 강남구 자곡로 100-2,서울특별시 강남구 자곡동 631,생활방범,3,200,360전방면,30,2020-07,02-3423-6772,37.47167,127.09595,2020-02-27,서울수서경찰서
서울특별시 강남구청,서울특별시 강남구 자곡로3길 22,서울특별시 강남구 자곡동 621,생활방범,3,200,360전방면,30,2020-07,02-3423-6772,37.47168,127.09131000000001,2020-02-27,서울수서경찰서
서울특별시 강남구청,서울특별시 강남구 자곡로7길 3(근린공원 5호),서울특별시 강남구 자곡동 607,생활방범,5,200,360전방면,30,2020-11,02-3423-6772,37.47282,127.09918,2020-02-27,서울수서경찰서
서울특별시 강남구청,서울특별시 강남구 자곡로 106 이마트에브리데이 후문,서울특별시 강남구 자곡동 633,생활방범,3,200,360전방면,30,2020-12,02-3423-6772,37.47163,127.09501999999999,2020-02-27,서울수서경찰서
서울특별시 강남구청,서울특별시 강남구 자곡동 647,서울특별시 강남구 자곡동 647,생활방범,1,200,360전방면,30,2020-12,02-3423-6772,37.472640000000006,127.10123,2020-02-27,서울수서경찰서
서울특별시 강남구청,서울특별시 강남구 자곡동 627,서울특별시 강남구 자곡동 627,생활방범,1,200,360전방면,30,2020-12,02-3423-6772,37.47012,127.09206,2020-02-27,서울수서경찰서
서울특별시 강남구청,서울특별시 강남구 자곡로 202(자곡동),서울특별시 강남구 자곡동 658,교통단속,3,200,360전방면,30,2020-12,02-3423-6772,37.47505,127.10432,2020-02-27,서울수서경찰서
서울특별시 강남구청,,서울특별시 강남구 자곡동 605 (자곡초교 사거리 주변),교통단속,1,200,360전방면,30,2020-12,02-3423-6772,37.472970000000004,127.10018000000001,2020-02-27,서울수서경찰서
서울특별시 강남구청,"서울특별시 강남구 자곡로3길 22 (자곡동, 엘에이치강남3단지)",서울특별시 강남구 자곡동 621 (강남LH3단지 정문 주변),교통단속,1,200,360전방면,30,2020-12,02-3423-6772,37.4704,127.0899,2020-02-27,서울수서경찰서
서울특별시 강남구청,서울특별시 강남구 밤고개로21길 15(자곡동),서울특별시 강남구 자곡동 361-2 (율현초교 정문 주변),교통단속,1,200,360전방면,30,2020-06,02-3423-6772,37.47415,127.10928,2020-02-27,서울수서경찰서
서울특별시 강남구청,"서울특별시 강남구 자곡로3길 21(자곡동, LH강남힐스테이트)",서울특별시 강남구 자곡동 619 (강남LH5단지@ 상가 주변),교통단속,1,200,360전방면,30,2020-06,02-3423-6772,37.4717,127.09007,2020-02-27,서울수서경찰서
서울특별시 강남구청,"서울특별시 강남구 개포로15길 32-8 (개포동, 포이동현대아파트)",서울특별시 강남구 개포동 1242-3 (포이현대A 담장),생활방범,1,200,360전방면,30,2020-04,02-3423-6772,37.47968,127.04618,2020-02-27,서울수서경찰서
